time,ms,equity,cash,open
2026-09-23 01:35:33,1790120133276,100.0,100.0,0
2026-09-23 01:45:44,1790120744875,99.6654,95.0,1
2026-09-23 01:55:44,1790121344925,99.6654,95.0,1
2026-09-23 02:05:44,1790121944906,99.6654,95.0,1
2026-09-23 02:15:44,1790122544978,99.6654,95.0,1
2026-09-23 02:25:44,1790123144902,99.6654,95.0,1
2026-09-23 02:35:44,1790123744927,99.6654,95.0,1
2026-09-23 02:45:44,1790124344880,99.6654,95.0,1
2026-09-23 02:55:44,1790124944992,99.6654,95.0,1
2026-09-23 03:05:45,1790125545022,99.6654,95.0,1
2026-09-23 03:15:45,1790126145393,99.4082,90.0167,2
2026-09-23 03:25:45,1790126745116,99.4082,90.0167,2
2026-09-23 03:35:45,1790127345573,99.171,85.0463,3
2026-09-23 03:45:45,1790127945536,98.0166,80.0878,4
2026-09-23 03:55:45,1790128545570,97.0839,80.0878,4
2026-09-23 04:05:45,1790129145611,98.0179,80.0878,4
2026-09-23 04:15:45,1790129745595,96.8086,80.0878,4
2026-09-23 04:25:45,1790130345840,97.2128,75.2473,5
2026-09-23 04:35:45,1790130945804,96.1133,75.2473,5
2026-09-23 04:45:45,1790131545931,94.642,75.2473,5
2026-09-23 04:55:45,1790132145802,97.5724,75.2473,5
2026-09-23 05:05:45,1790132745759,97.3828,70.3687,6
2026-09-23 05:15:45,1790133345624,97.6508,70.3687,6
2026-09-23 05:25:45,1790133945633,97.1169,70.3687,6
2026-09-23 05:35:45,1790134545816,97.5808,70.3687,6
2026-09-23 05:45:45,1790135145693,97.4798,70.3687,6
2026-09-23 05:55:45,1790135745699,97.3813,70.3687,6
2026-09-23 06:05:45,1790136345873,97.5397,70.3687,6
2026-09-23 14:55:04,1790168104601,96.7471,60.6196,8
2026-09-23 15:05:02,1790168702658,96.8699,55.7823,9
2026-09-23 15:15:02,1790169302847,96.5832,50.9388,10
2026-09-23 15:25:04,1790169904111,95.5399,41.2875,12
2026-09-23 15:35:03,1790170503535,95.6894,41.2875,12
2026-09-23 15:45:03,1790171103556,94.8005,41.2875,12
2026-09-23 15:55:04,1790171704430,94.5338,41.2875,12
2026-09-23 16:05:03,1790172303515,94.8096,41.2875,12
2026-09-23 16:15:04,1790172904596,95.2541,41.2875,12
2026-09-23 16:25:04,1790173504309,93.8318,41.2875,12
2026-09-23 16:35:03,1790174103476,93.5207,41.2875,12
2026-09-23 16:45:03,1790174703615,93.5244,41.2875,12
2026-09-23 16:55:04,1790175304000,94.0134,41.2875,12
2026-09-23 17:05:03,1790175903174,92.9466,41.2875,12
2026-09-23 17:15:03,1790176503766,91.089,41.2875,12
2026-09-23 17:25:03,1790177103310,91.0607,41.2875,12
2026-09-23 17:35:03,1790177703231,90.5762,41.2875,12
2026-09-23 17:45:03,1790178303646,90.5762,41.2875,12
2026-09-23 17:55:03,1790178903299,90.5762,41.2875,12
2026-09-23 18:05:03,1790179503177,90.5762,41.2875,12
2026-09-23 18:15:03,1790180103427,90.5762,41.2875,12
2026-09-23 18:25:03,1790180703488,90.5762,41.2875,12
2026-09-23 18:35:03,1790181303249,90.5762,41.2875,12
2026-09-23 18:45:03,1790181903397,90.5762,41.2875,12
2026-09-23 18:55:03,1790182503397,90.5762,41.2875,12
2026-09-23 19:05:03,1790183103407,90.5762,41.2875,12
2026-09-23 19:15:03,1790183703747,90.5762,41.2875,12
2026-09-23 19:25:03,1790184303601,90.5762,41.2875,12
2026-09-23 19:35:03,1790184903496,90.5762,41.2875,12
2026-09-23 19:45:03,1790185503695,90.6559,41.2875,12
2026-09-23 19:55:03,1790186103171,90.6559,41.2875,12
2026-09-23 20:05:03,1790186703404,90.6559,41.2875,12
2026-09-23 20:15:04,1790187304147,90.6559,41.2875,12
2026-09-23 20:25:03,1790187903498,90.6559,41.2875,12
2026-09-23 20:35:03,1790188503328,90.6559,41.2875,12
2026-09-23 20:45:04,1790189104140,90.6559,41.2875,12
2026-09-23 20:55:03,1790189703166,90.6559,41.2875,12
2026-09-23 21:05:03,1790190303322,90.6559,41.2875,12
2026-09-23 21:15:03,1790190903333,90.6559,41.2875,12
2026-09-23 21:25:03,1790191503362,90.6559,41.2875,12
2026-09-23 21:35:03,1790192103226,90.6559,41.2875,12
2026-09-23 21:45:03,1790192703365,90.6559,41.2875,12
2026-09-23 21:55:03,1790193303427,90.6559,41.2875,12
2026-09-23 22:05:04,1790193904111,90.6559,41.2875,12
2026-09-23 22:15:03,1790194503703,90.6559,41.2875,12
2026-09-23 22:25:03,1790195103336,90.6559,41.2875,12
2026-09-23 22:35:03,1790195703979,90.6559,41.2875,12
2026-09-23 22:45:03,1790196303259,90.7731,41.2875,12
2026-09-23 22:55:03,1790196903552,90.7731,41.2875,12
2026-09-23 23:05:03,1790197503355,90.7731,41.2875,12
2026-09-23 23:15:03,1790198103422,90.7731,41.2875,12
2026-09-23 23:25:03,1790198703607,90.7731,41.2875,12
2026-09-23 23:35:03,1790199303457,90.7731,41.2875,12
2026-09-23 23:45:03,1790199903576,90.7731,41.2875,12
2026-09-23 23:55:03,1790200503755,90.7731,41.2875,12
2026-09-24 00:05:38,1790201138382,90.7731,41.2875,12
2026-09-24 00:15:38,1790201738827,90.7731,41.2875,12
2026-09-24 00:25:38,1790202338144,90.688,41.2875,12
2026-09-24 00:35:38,1790202938273,90.6029,41.2875,12
2026-09-24 00:45:38,1790203538686,90.5603,41.2875,12
2026-09-24 00:55:38,1790204138203,90.9434,41.2875,12
2026-09-24 01:05:38,1790204738152,91.5819,41.2875,12
2026-09-24 01:15:38,1790205338550,90.6558,41.2875,12
2026-09-24 01:25:38,1790205938513,94.5091,41.2875,12
2026-09-24 01:35:38,1790206538238,91.5345,41.2875,12
2026-09-24 01:45:38,1790207138671,94.0476,41.2875,12
2026-09-24 01:55:38,1790207738460,94.0296,41.2875,12
2026-09-24 02:05:38,1790208338458,94.6903,41.2875,12
2026-09-24 02:15:38,1790208938613,98.3533,41.2875,12
2026-09-24 02:25:38,1790209538221,98.8523,41.2875,12
2026-09-24 02:35:38,1790210138283,99.5427,41.2875,12
2026-09-24 02:45:38,1790210738850,100.0146,41.2875,12
2026-09-24 02:55:38,1790211338687,100.7807,41.2875,12
2026-09-24 03:05:38,1790211938746,100.2471,41.2875,12
2026-09-24 03:15:38,1790212538447,102.647,41.2875,12
2026-09-24 03:25:38,1790213138233,104.4193,41.2875,12
2026-09-24 03:35:38,1790213738146,105.224,41.2875,12
2026-09-24 03:45:38,1790214338457,105.5923,41.2875,12
2026-09-24 03:55:38,1790214938402,105.8169,41.2875,12
2026-09-24 04:05:38,1790215538271,105.9055,41.2875,12
2026-09-24 04:15:38,1790216138417,105.9055,41.2875,12
2026-09-24 04:25:38,1790216738427,105.9055,41.2875,12
2026-09-24 04:35:38,1790217338349,105.9055,41.2875,12
2026-09-24 04:45:38,1790217938558,105.9055,41.2875,12
2026-09-24 04:55:38,1790218538419,105.9055,41.2875,12
2026-09-24 05:05:38,1790219138498,105.9055,41.2875,12
2026-09-24 05:15:38,1790219738504,105.9055,41.2875,12
2026-09-24 05:25:38,1790220338365,105.9055,41.2875,12
2026-09-24 05:35:38,1790220938183,105.9055,41.2875,12
2026-09-24 05:45:38,1790221538639,105.9055,41.2875,12
2026-09-24 05:55:38,1790222138447,105.9055,41.2875,12
2026-09-24 06:05:38,1790222738333,105.9055,41.2875,12
2026-09-24 06:15:38,1790223338470,105.9055,41.2875,12
2026-09-24 06:25:38,1790223938397,105.9055,41.2875,12
2026-09-24 06:35:38,1790224538365,105.9055,41.2875,12
2026-09-24 06:45:38,1790225138433,105.9055,41.2875,12
2026-09-24 06:55:38,1790225738509,105.9055,41.2875,12
2026-09-24 07:05:38,1790226338534,105.9055,41.2875,12
2026-09-24 07:15:38,1790226938493,105.9055,41.2875,12
2026-09-24 07:25:38,1790227538460,105.9055,41.2875,12
2026-09-24 07:35:38,1790228138611,105.9055,41.2875,12
2026-09-24 07:45:38,1790228738558,105.9055,41.2875,12
2026-09-24 07:55:38,1790229338512,105.9055,41.2875,12
2026-09-24 08:05:38,1790229938477,105.9055,41.2875,12
2026-09-24 08:15:38,1790230538496,105.9055,41.2875,12
2026-09-24 08:25:38,1790231138666,105.9055,41.2875,12
2026-09-24 08:35:38,1790231738450,105.9055,41.2875,12
2026-09-24 08:45:38,1790232338644,105.9055,41.2875,12
2026-09-24 08:55:38,1790232938709,105.9055,41.2875,12
2026-09-24 09:05:38,1790233538415,105.9055,41.2875,12
2026-09-24 09:15:38,1790234138650,105.9055,41.2875,12
2026-09-24 09:25:38,1790234738575,105.9055,41.2875,12
2026-09-24 09:35:38,1790235338604,105.9055,41.2875,12
2026-09-24 09:45:38,1790235938630,105.9055,41.2875,12
2026-09-24 09:55:38,1790236538975,105.9055,41.2875,12
2026-09-24 10:05:38,1790237138527,105.9055,41.2875,12
2026-09-24 10:15:38,1790237738770,105.9055,41.2875,12
2026-09-24 10:25:38,1790238338883,105.9055,41.2875,12
2026-09-24 10:35:38,1790238938741,105.9055,41.2875,12
2026-09-24 10:45:38,1790239538723,105.9055,41.2875,12
2026-09-24 10:55:38,1790240138730,105.9055,41.2875,12
2026-09-24 11:05:38,1790240738790,105.9055,41.2875,12
2026-09-24 11:15:38,1790241338949,105.9055,41.2875,12
2026-09-24 11:25:39,1790241939142,105.9055,41.2875,12
2026-09-24 11:35:38,1790242538669,105.9055,41.2875,12
2026-09-24 11:45:39,1790243139060,105.9055,41.2875,12
2026-09-24 11:55:38,1790243738742,105.9055,41.2875,12
2026-09-24 12:05:38,1790244338923,105.9055,41.2875,12
2026-09-24 12:15:38,1790244938937,105.9055,41.2875,12
2026-09-24 12:25:38,1790245538811,105.9055,41.2875,12
2026-09-24 12:35:38,1790246138673,105.9055,41.2875,12
2026-09-24 12:45:38,1790246738662,105.9055,41.2875,12
2026-09-24 12:55:40,1790247340084,105.9055,41.2875,12
2026-09-24 13:05:38,1790247938722,105.9055,41.2875,12
2026-09-24 13:15:39,1790248539119,105.9055,41.2875,12
2026-09-24 13:25:39,1790249139673,105.9055,41.2875,12
2026-09-24 13:35:39,1790249739060,105.9055,41.2875,12
2026-09-24 13:45:38,1790250338918,105.9055,41.2875,12
2026-09-24 13:55:39,1790250939729,105.9055,41.2875,12
2026-09-24 14:05:38,1790251538834,105.9055,41.2875,12
2026-09-24 14:15:39,1790252139115,105.9055,41.2875,12
2026-09-24 14:25:38,1790252738890,105.9055,41.2875,12
2026-09-24 14:35:39,1790253339027,105.9055,41.2875,12
2026-09-24 14:45:39,1790253939154,105.9055,41.2875,12
2026-09-24 14:55:39,1790254539149,105.9055,41.2875,12
2026-09-24 15:05:38,1790255138813,105.9055,41.2875,12
2026-09-24 15:15:38,1790255738789,105.9055,41.2875,12
2026-09-24 15:25:38,1790256338700,105.9055,41.2875,12
2026-09-24 15:35:38,1790256938925,105.9055,41.2875,12
2026-09-24 15:45:39,1790257539165,105.9055,41.2875,12
2026-09-24 15:55:38,1790258138964,105.9055,41.2875,12
2026-09-24 16:05:38,1790258738745,105.9055,41.2875,12
2026-09-24 16:15:39,1790259339162,105.9055,41.2875,12
2026-09-24 16:25:38,1790259938881,105.9055,41.2875,12
2026-09-24 16:35:39,1790260539139,105.9055,41.2875,12
2026-09-25 03:47:27,1790300847219,106.2029,41.2875,12
2026-09-25 16:43:54,1790347434596,106.2029,41.2875,12
2026-09-25 16:53:53,1790348033394,106.2029,41.2875,12
2026-09-25 17:03:52,1790348632854,106.2029,41.2875,12
2026-09-25 17:13:52,1790349232753,106.2029,41.2875,12
2026-09-25 17:23:53,1790349833163,106.2029,41.2875,12
2026-09-25 17:33:53,1790350433014,106.2029,41.2875,12
2026-09-25 17:43:53,1790351033009,106.2029,41.2875,12
2026-09-25 17:53:52,1790351632833,106.2029,41.2875,12
2026-09-25 18:03:53,1790352233109,106.2029,41.2875,12
2026-09-25 18:13:52,1790352832724,106.2029,41.2875,12
2026-09-25 18:23:52,1790353432838,106.2029,41.2875,12
2026-09-25 18:33:53,1790354033012,106.2029,41.2875,12
2026-09-25 18:43:52,1790354632856,106.2029,41.2875,12
2026-09-25 18:53:52,1790355232999,106.2029,41.2875,12
2026-09-25 19:03:52,1790355832840,106.2029,41.2875,12
2026-09-25 19:13:52,1790356432975,106.2029,41.2875,12
2026-09-25 19:23:52,1790357032982,106.2029,41.2875,12
2026-09-25 19:33:52,1790357632899,106.2029,41.2875,12
2026-09-25 19:43:52,1790358232952,106.2029,41.2875,12
2026-09-25 19:53:52,1790358832955,106.2029,41.2875,12
2026-09-25 20:03:52,1790359432977,106.2029,41.2875,12
2026-09-25 20:13:52,1790360032994,106.2029,41.2875,12
2026-09-25 20:23:53,1790360633029,106.2992,41.2875,12
2026-09-25 20:33:52,1790361232982,106.2992,41.2875,12
2026-09-25 20:43:53,1790361833073,106.2182,41.2875,12
2026-09-25 20:53:52,1790362432980,106.3145,41.2875,12
2026-09-25 21:03:52,1790363032974,106.3145,41.2875,12
2026-09-25 21:13:52,1790363632756,106.3145,41.2875,12
2026-09-25 21:23:52,1790364232911,106.3145,41.2875,12
2026-09-25 21:33:52,1790364832976,106.3145,41.2875,12
2026-09-25 21:43:52,1790365432805,106.3145,41.2875,12
2026-09-25 21:54:48,1790366088609,106.2182,41.2875,12
2026-09-25 22:04:47,1790366687090,106.2182,41.2875,12
2026-09-25 22:14:47,1790367287119,106.2182,41.2875,12
2026-09-25 22:24:48,1790367888074,106.2182,41.2875,12
2026-09-25 22:34:47,1790368487145,106.2992,41.2875,12
2026-09-25 22:44:47,1790369087061,106.2992,41.2875,12
2026-09-25 22:54:46,1790369686997,106.2992,41.2875,12
2026-09-25 23:04:47,1790370287192,106.2992,41.2875,12
2026-09-25 23:14:47,1790370887287,106.2992,41.2875,12
2026-09-25 23:24:47,1790371487093,106.2992,41.2875,12
2026-09-25 23:34:47,1790372087713,106.2992,41.2875,12
2026-09-25 23:44:47,1790372687149,106.2992,41.2875,12
2026-09-25 23:54:47,1790373287097,106.2992,41.2875,12
2026-09-26 00:05:18,1790373918186,106.2992,41.2875,12
2026-09-26 00:15:19,1790374519117,106.2992,41.2875,12
2026-09-26 00:25:18,1790375118170,106.2992,41.2875,12
2026-09-26 00:35:18,1790375718197,106.2992,41.2875,12
2026-09-26 00:45:18,1790376318750,106.2992,41.2875,12
2026-09-26 00:55:18,1790376918050,106.2992,41.2875,12
2026-09-26 01:05:18,1790377518195,106.2992,41.2875,12
2026-09-26 01:15:18,1790378118789,106.2992,41.2875,12
2026-09-26 01:25:18,1790378718272,106.2992,41.2875,12
2026-09-26 01:35:18,1790379318149,106.2992,41.2875,12
2026-09-26 01:45:19,1790379919000,106.2992,41.2875,12
2026-09-26 01:55:18,1790380518336,106.2992,41.2875,12
2026-09-26 02:05:18,1790381118241,106.2992,41.2875,12
2026-09-26 02:15:19,1790381719087,106.2992,41.2875,12
2026-09-26 02:25:18,1790382318140,106.2992,41.2875,12
2026-09-26 02:35:18,1790382918133,106.2992,41.2875,12
2026-09-26 02:45:19,1790383519018,106.2992,41.2875,12
2026-09-26 02:55:17,1790384117986,106.2992,41.2875,12
2026-09-26 03:05:18,1790384718161,106.2992,41.2875,12
2026-09-26 03:15:18,1790385318775,106.2992,41.2875,12
2026-09-26 03:25:18,1790385918116,106.2992,41.2875,12
2026-09-26 03:35:18,1790386518118,106.2992,41.2875,12
2026-09-26 03:45:18,1790387118451,106.2992,41.2875,12
2026-09-26 03:55:18,1790387718004,106.2992,41.2875,12
2026-09-26 04:05:18,1790388318040,106.2992,41.2875,12
2026-09-26 04:15:18,1790388918643,106.2992,41.2875,12
2026-09-26 04:25:18,1790389518090,106.2992,41.2875,12
2026-09-26 04:35:18,1790390118060,106.2992,41.2875,12
2026-09-26 04:45:18,1790390718460,106.2992,41.2875,12
2026-09-26 04:55:18,1790391318161,106.2992,41.2875,12
2026-09-26 05:05:18,1790391918221,106.2992,41.2875,12
2026-09-26 05:15:18,1790392518639,106.2992,41.2875,12
2026-09-26 05:25:18,1790393118098,106.2992,41.2875,12
2026-09-26 05:35:18,1790393718226,106.2992,41.2875,12
2026-09-26 05:45:18,1790394318660,106.2992,41.2875,12
2026-09-26 05:55:18,1790394918202,106.2992,41.2875,12
2026-09-26 06:05:18,1790395518190,106.2992,41.2875,12
2026-09-26 06:15:18,1790396118596,106.2992,41.2875,12
2026-09-26 06:25:18,1790396718177,106.2992,41.2875,12
2026-09-26 06:35:18,1790397318197,106.2992,41.2875,12
2026-09-26 06:45:18,1790397918487,106.2992,41.2875,12
2026-09-26 06:55:18,1790398518191,106.2992,41.2875,12
2026-09-26 07:05:17,1790399117935,106.2992,41.2875,12
2026-09-26 07:15:18,1790399718233,106.2029,41.2875,12
2026-09-26 07:25:18,1790400318347,106.2029,41.2875,12
2026-09-26 07:35:18,1790400918245,106.2029,41.2875,12
2026-09-26 07:45:18,1790401518133,106.2029,41.2875,12
2026-09-26 07:55:18,1790402118443,106.2029,41.2875,12
2026-09-26 08:05:18,1790402718210,106.2029,41.2875,12
2026-09-26 08:15:18,1790403318216,106.2029,41.2875,12
2026-09-26 08:25:18,1790403918154,106.2029,41.2875,12
2026-09-26 08:35:18,1790404518107,106.2029,41.2875,12
2026-09-26 08:45:18,1790405118370,106.2029,41.2875,12
2026-09-26 08:55:18,1790405718080,106.2029,41.2875,12
2026-09-26 09:05:18,1790406318274,106.2029,41.2875,12
2026-09-26 09:15:18,1790406918305,106.2029,41.2875,12
2026-09-26 09:25:18,1790407518398,106.2029,41.2875,12
2026-09-26 09:35:18,1790408118295,106.2029,41.2875,12
2026-09-26 09:45:18,1790408718375,106.2029,41.2875,12
2026-09-26 09:55:18,1790409318144,106.2029,41.2875,12
2026-09-26 10:05:18,1790409918319,106.2029,41.2875,12
2026-09-26 10:15:18,1790410518306,106.2029,41.2875,12
2026-09-26 10:25:18,1790411118219,106.2029,41.2875,12
2026-09-26 10:35:18,1790411718358,106.2029,41.2875,12
2026-09-26 10:45:18,1790412318335,106.2029,41.2875,12
2026-09-26 10:55:18,1790412918355,106.2029,41.2875,12
2026-09-26 11:05:18,1790413518202,106.2029,41.2875,12
2026-09-26 11:15:18,1790414118402,106.2029,41.2875,12
2026-09-26 11:25:18,1790414718403,106.2029,41.2875,12
2026-09-26 11:35:18,1790415318376,106.2029,41.2875,12
2026-09-26 11:45:18,1790415918488,106.2029,41.2875,12
2026-09-26 11:55:18,1790416518359,106.2029,41.2875,12
2026-09-26 12:05:18,1790417118401,106.2029,41.2875,12
2026-09-26 12:15:18,1790417718527,106.2029,41.2875,12
2026-09-26 12:25:18,1790418318400,106.2029,41.2875,12
2026-09-26 12:35:18,1790418918416,106.2029,41.2875,12
2026-09-26 12:45:18,1790419518564,106.2029,41.2875,12
2026-09-26 12:55:18,1790420118219,106.2029,41.2875,12
2026-09-26 13:05:18,1790420718365,106.2029,41.2875,12
2026-09-26 13:15:18,1790421318344,106.2029,41.2875,12
2026-09-26 13:25:18,1790421918396,106.2029,41.2875,12
2026-09-26 13:35:18,1790422518350,106.2029,41.2875,12
2026-09-26 13:45:18,1790423118511,106.2029,41.2875,12
2026-09-26 13:55:18,1790423718262,106.2029,41.2875,12
2026-09-26 14:05:18,1790424318229,106.2029,41.2875,12
2026-09-26 14:15:18,1790424918712,106.2029,41.2875,12
2026-09-26 14:25:18,1790425518427,106.2029,41.2875,12
2026-09-26 14:35:19,1790426119060,106.2029,41.2875,12
2026-09-26 14:45:18,1790426718502,106.2029,41.2875,12
2026-09-26 14:55:18,1790427318324,106.2029,41.2875,12
2026-09-26 15:05:19,1790427919161,106.2029,41.2875,12
2026-09-26 15:15:18,1790428518581,106.2029,41.2875,12
2026-09-26 15:25:18,1790429118279,106.2992,41.2875,12
2026-09-26 15:35:18,1790429718965,106.2992,41.2875,12
2026-09-26 15:45:18,1790430318420,106.2992,41.2875,12
2026-09-26 15:55:18,1790430918349,106.2992,41.2875,12
2026-09-26 16:05:19,1790431519079,106.3955,41.2875,12
2026-09-26 16:15:18,1790432118471,106.3955,41.2875,12
2026-09-26 16:25:18,1790432718350,106.3145,41.2875,12
2026-09-26 16:35:18,1790433318506,106.3145,41.2875,12
2026-09-26 16:45:18,1790433918743,106.3145,41.2875,12
2026-09-26 16:55:18,1790434518331,106.3145,41.2875,12
2026-09-26 17:05:18,1790435118423,106.2182,41.2875,12
2026-09-26 17:15:18,1790435718457,106.2182,41.2875,12
2026-09-26 17:25:18,1790436318489,106.2182,41.2875,12
2026-09-26 17:35:18,1790436918601,106.2182,41.2875,12
2026-09-26 17:45:18,1790437518490,106.2182,41.2875,12
2026-09-26 17:55:18,1790438118383,106.2182,41.2875,12
2026-09-26 18:05:18,1790438718501,106.2182,41.2875,12
2026-09-26 18:15:18,1790439318640,106.2182,41.2875,12
2026-09-26 18:25:18,1790439918460,106.2182,41.2875,12
2026-09-26 18:35:18,1790440518405,106.2182,41.2875,12
2026-09-26 18:45:31,1790441131434,106.2182,41.2875,12
2026-09-26 18:55:18,1790441718682,106.2182,41.2875,12
2026-09-26 19:05:18,1790442318528,106.2182,41.2875,12
2026-09-26 19:15:18,1790442918511,106.3145,41.2875,12
2026-09-26 19:25:18,1790443518881,106.3145,41.2875,12
2026-09-26 19:35:18,1790444118459,106.3145,41.2875,12
2026-09-26 19:45:18,1790444718608,106.3145,41.2875,12
2026-09-26 19:55:18,1790445318574,106.3145,41.2875,12
2026-09-26 20:05:19,1790445919166,106.3145,41.2875,12
2026-09-26 20:15:18,1790446518451,106.3145,41.2875,12
2026-09-26 20:25:18,1790447118579,106.3145,41.2875,12
2026-09-26 20:35:19,1790447719341,106.3145,41.2875,12
2026-09-26 20:45:18,1790448318602,106.3145,41.2875,12
2026-09-26 20:55:18,1790448918630,106.3145,41.2875,12
2026-09-26 21:05:19,1790449519294,106.443,41.2875,12
2026-09-26 21:15:18,1790450118753,106.4912,41.2875,12
2026-09-26 21:25:18,1790450718848,106.8284,41.2875,12
2026-09-26 21:35:19,1790451319204,105.9132,41.2875,12
2026-09-26 21:45:18,1790451918936,106.3949,41.2875,12
2026-09-26 21:55:18,1790452518526,106.5875,41.2875,12
2026-09-26 22:05:19,1790453119128,106.6357,41.2875,12
2026-09-26 22:15:18,1790453718457,107.2137,41.2875,12
2026-09-26 22:25:18,1790454318573,108.5141,41.2875,12
2026-09-26 22:35:19,1790454919910,109.5255,41.2875,12
2026-09-26 22:45:18,1790455518557,109.3811,41.2875,12
2026-09-26 22:55:18,1790456118472,109.4774,41.2875,12
2026-09-26 23:05:19,1790456719040,109.6219,41.2875,12
2026-09-26 23:15:18,1790457318557,109.3811,41.2875,12
2026-09-26 23:25:18,1790457918526,109.2847,41.2875,12
2026-09-26 23:35:19,1790458519095,110.3443,41.2875,12
2026-09-26 23:45:18,1790459118522,110.9223,41.2875,12
2026-09-26 23:55:18,1790459718646,110.4888,41.2875,12
2026-09-27 00:06:01,1790460361878,110.4888,41.2875,12
2026-09-27 00:16:02,1790460962221,110.9127,41.2875,12
2026-09-27 00:26:01,1790461561664,111.062,41.2875,12
2026-09-27 00:36:01,1790462161648,111.062,41.2875,12
2026-09-27 00:46:01,1790462761808,111.062,41.2875,12
2026-09-27 00:56:01,1790463361531,111.062,41.2875,12
2026-09-27 01:06:01,1790463961907,111.062,41.2875,12
2026-09-27 01:16:01,1790464561684,111.062,41.2875,12
2026-09-27 01:26:01,1790465161624,111.062,41.2875,12
2026-09-27 01:36:01,1790465761723,111.062,41.2875,12
2026-09-27 01:46:01,1790466361753,111.062,41.2875,12
2026-09-27 01:56:01,1790466961669,111.062,41.2875,12
2026-09-27 02:06:01,1790467561696,111.062,41.2875,12
2026-09-27 02:16:01,1790468161742,111.062,41.2875,12
2026-09-27 02:26:01,1790468761691,111.062,41.2875,12
2026-09-27 02:36:01,1790469361711,111.062,41.2875,12
2026-09-27 02:46:01,1790469961797,111.062,41.2875,12
2026-09-27 02:56:01,1790470561559,111.062,41.2875,12
2026-09-27 03:06:01,1790471161854,111.062,41.2875,12
2026-09-27 03:16:01,1790471761635,111.062,41.2875,12
2026-09-27 03:26:59,1790472419259,111.062,41.2875,12
2026-09-27 03:37:00,1790473020520,111.062,41.2875,12
2026-09-27 03:46:59,1790473619280,111.062,41.2875,12
2026-09-27 03:56:59,1790474219120,111.062,41.2875,12
2026-09-27 04:07:00,1790474820250,111.062,41.2875,12
2026-09-27 04:16:59,1790475419088,111.062,41.2875,12
2026-09-27 04:26:59,1790476019383,111.062,41.2875,12
2026-09-27 04:37:00,1790476620354,111.143,41.2875,12
2026-09-27 04:46:59,1790477219564,111.143,41.2875,12
2026-09-27 04:56:59,1790477819598,111.143,41.2875,12
2026-09-27 05:07:00,1790478420410,111.143,41.2875,12
2026-09-27 05:16:59,1790479019405,111.143,41.2875,12
2026-09-27 05:26:59,1790479619242,111.143,41.2875,12
2026-09-27 05:37:00,1790480220358,111.143,41.2875,12
2026-09-27 05:46:59,1790480819780,111.143,41.2875,12
2026-09-27 05:56:59,1790481419363,111.143,41.2875,12
2026-09-27 06:07:00,1790482020341,111.143,41.2875,12
2026-09-27 06:16:59,1790482619460,111.143,41.2875,12
2026-09-27 06:26:59,1790483219486,111.143,41.2875,12
2026-09-27 06:37:00,1790483820466,111.143,41.2875,12
2026-09-27 06:46:59,1790484419439,111.143,41.2875,12
2026-09-27 06:56:59,1790485019415,111.143,41.2875,12
2026-09-27 07:07:00,1790485620826,111.143,41.2875,12
2026-09-27 07:16:59,1790486219374,111.143,41.2875,12
2026-09-27 07:26:59,1790486819437,111.143,41.2875,12
2026-09-27 07:37:00,1790487420362,111.143,41.2875,12
2026-09-27 07:46:59,1790488019515,111.143,41.2875,12
2026-09-27 07:56:59,1790488619366,111.143,41.2875,12
2026-09-27 08:07:00,1790489220229,111.143,41.2875,12
2026-09-27 08:16:59,1790489819434,111.062,41.2875,12
2026-09-27 08:26:59,1790490419304,111.062,41.2875,12
2026-09-27 08:37:00,1790491020336,111.062,41.2875,12
2026-09-27 08:46:59,1790491619304,111.062,41.2875,12
2026-09-27 08:56:59,1790492219258,111.062,41.2875,12
2026-09-27 09:07:00,1790492820451,111.062,41.2875,12
2026-09-27 09:16:59,1790493419419,111.062,41.2875,12
2026-09-27 09:26:59,1790494019496,111.062,41.2875,12
2026-09-27 09:37:00,1790494620902,111.062,41.2875,12
2026-09-27 09:46:59,1790495219588,111.143,41.2875,12
2026-09-27 09:56:59,1790495819427,111.143,41.2875,12
2026-09-27 10:07:00,1790496420950,111.143,41.2875,12
2026-09-27 10:16:59,1790497019777,111.143,41.2875,12
2026-09-27 10:26:59,1790497619250,111.143,41.2875,12
2026-09-27 10:37:00,1790498220738,111.143,41.2875,12
2026-09-27 10:46:59,1790498819811,111.143,41.2875,12
2026-09-27 10:56:59,1790499419405,111.143,41.2875,12
2026-09-27 11:07:01,1790500021052,111.143,41.2875,12
2026-09-27 11:16:59,1790500619484,111.143,41.2875,12
2026-09-27 11:26:59,1790501219356,111.143,41.2875,12
2026-09-27 11:37:01,1790501821234,111.143,41.2875,12
2026-09-27 11:46:59,1790502419584,111.143,41.2875,12
2026-09-27 11:56:59,1790503019244,111.062,41.2875,12
2026-09-27 12:07:00,1790503620741,111.062,41.2875,12
2026-09-27 12:16:59,1790504219592,111.062,41.2875,12
2026-09-27 12:26:59,1790504819570,111.062,41.2875,12
2026-09-27 12:37:00,1790505420945,111.062,41.2875,12
2026-09-27 12:46:59,1790506019550,111.062,41.2875,12
2026-09-27 12:56:59,1790506619309,111.062,41.2875,12
2026-09-27 13:07:00,1790507220712,111.062,41.2875,12
2026-09-27 13:16:59,1790507819754,111.062,41.2875,12
2026-09-27 13:26:59,1790508419706,111.062,41.2875,12
2026-09-27 13:37:00,1790509020699,111.062,41.2875,12
2026-09-27 13:46:59,1790509619612,111.062,41.2875,12
2026-09-27 13:56:59,1790510219684,111.062,41.2875,12
2026-09-27 14:07:01,1790510821101,111.062,41.2875,12
2026-09-27 14:16:59,1790511419627,111.062,41.2875,12
2026-09-27 14:26:59,1790512019865,111.062,41.2875,12
2026-09-27 14:37:00,1790512620660,111.062,41.2875,12
2026-09-27 14:46:59,1790513219583,111.062,41.2875,12
2026-09-27 14:56:59,1790513819850,111.062,41.2875,12
2026-09-27 15:07:01,1790514421391,111.062,41.2875,12
2026-09-27 15:16:59,1790515019427,111.062,41.2875,12
2026-09-27 15:26:59,1790515619847,111.062,41.2875,12
2026-09-27 15:37:00,1790516220668,110.981,41.2875,12
2026-09-27 15:46:59,1790516819476,110.981,41.2875,12
2026-09-27 15:56:59,1790517419426,110.981,41.2875,12
2026-09-27 16:07:00,1790518020939,111.062,41.2875,12
2026-09-27 16:16:59,1790518619533,111.062,41.2875,12
2026-09-27 16:26:59,1790519219514,111.062,41.2875,12
2026-09-27 16:37:00,1790519820650,111.062,41.2875,12
2026-09-27 16:46:59,1790520419618,111.062,41.2875,12
2026-09-27 16:57:00,1790521020173,110.981,41.2875,12
2026-09-27 17:07:00,1790521620605,110.981,41.2875,12
2026-09-27 17:16:59,1790522219714,110.981,41.2875,12
2026-09-27 17:26:59,1790522819832,110.981,41.2875,12
2026-09-27 17:37:00,1790523420657,110.981,41.2875,12
2026-09-27 17:46:59,1790524019954,110.7959,41.2875,12
2026-09-27 17:56:59,1790524619699,110.7959,41.2875,12
2026-09-27 18:07:00,1790525220891,110.9006,41.2875,12
2026-09-27 18:16:59,1790525819983,110.9006,41.2875,12
2026-09-27 18:26:59,1790526419647,110.7959,41.2875,12
2026-09-27 18:37:00,1790527020749,110.7959,41.2875,12
2026-09-27 18:46:59,1790527619721,110.7959,41.2875,12
2026-09-27 18:56:59,1790528219806,110.7959,41.2875,12
2026-09-27 19:07:00,1790528820859,110.7554,41.2875,12
2026-09-27 19:16:59,1790529419860,110.2466,41.2875,12
2026-09-27 19:26:59,1790530019964,109.7,41.2875,12
2026-09-27 19:37:00,1790530620980,108.8639,41.2875,12
2026-09-27 19:46:59,1790531219874,108.8224,41.2875,12
2026-09-27 19:56:59,1790531819949,109.1393,41.2875,12
2026-09-27 20:07:00,1790532420813,107.9204,41.2875,12
2026-09-27 20:16:59,1790533019863,107.7568,41.2875,12
2026-09-27 20:27:00,1790533620004,107.4825,41.2875,12
2026-09-27 20:37:00,1790534220700,105.1486,41.2875,12
2026-09-27 20:47:00,1790534820015,105.01,41.2875,12
2026-09-27 20:56:59,1790535419808,103.0962,41.2875,12
2026-09-27 21:07:01,1790536021514,101.206,41.2875,12
2026-09-27 21:16:59,1790536619982,102.1347,41.2875,12
2026-09-27 21:26:59,1790537219993,101.206,41.2875,12
2026-09-27 21:37:00,1790537820816,103.7753,41.2875,12
2026-09-27 21:47:00,1790538420080,107.2583,41.2875,12
2026-09-27 21:56:59,1790539019744,111.2122,41.2875,12
2026-09-27 22:07:00,1790539620852,105.3369,41.2875,12
2026-09-27 22:16:59,1790540219979,104.3885,43.6053,12
2026-09-27 22:26:59,1790540819707,102.8126,43.6053,12
2026-09-27 22:37:00,1790541420460,107.274,43.6053,12
2026-09-27 22:46:59,1790542019624,107.6472,43.6053,12
2026-09-27 22:57:00,1790542620360,107.6604,43.6053,12
2026-09-27 23:06:59,1790543219650,107.6604,43.6053,12
2026-09-27 23:16:59,1790543819555,107.6604,43.6053,12
2026-09-27 23:26:59,1790544419740,107.6604,43.6053,12
2026-09-27 23:36:59,1790545019505,107.6604,43.6053,12
