id,opened,opened_ms,kind,coin,round,side,price,qty,stake,fee,fair,t_left,settled,settled_ms,winner,payout,pnl,pnl_pct,result,resolved_by
1,2026-09-22 23:43:31,1790113411439,diparb_leg1,btc,1790112600,Up,0.04,20.0,0.8537600000000001,0.05376,,90,2026-09-22 23:51:56,1790113916703,Down,0.0,-0.8538,-100.0,lost,polymarket
2,2026-09-22 23:43:16,1790113396401,diparb_leg1,eth,1790112600,Up,0.0699999999999999,20.0,1.49114,0.09114,,105,2026-09-22 23:52:56,1790113976709,Down,0.0,-1.4911,-100.0,lost,polymarket
4,2026-09-22 23:46:31,1790113591409,fair,btc,1790113500,Up,0.73,6.7147,4.9944,0.0926,0.8007,810,2026-09-23 00:06:56,1790114816693,Down,0.0,-4.9944,-100.0,lost,polymarket
5,2026-09-22 23:58:51,1790114331465,diparb_leg1,btc,1790113500,Up,0.56,20.0,11.54496,0.34496,,69,2026-09-23 00:06:56,1790114816693,Down,0.0,-11.545,-100.0,lost,polymarket
3,2026-09-22 23:46:16,1790113576405,fair,eth,1790113500,Up,0.67,7.2942,5.0,0.1129,0.7358,825,2026-09-23 00:06:56,1790114816920,Up,7.2942,2.2942,45.88,won,polymarket
6,2026-09-22 23:59:46,1790114386473,diparb_leg1,eth,1790113500,Up,0.54,20.0,11.14776,0.34776,,14,2026-09-23 00:06:56,1790114816921,Up,20.0,8.8522,79.41,won,polymarket
7,2026-09-23 00:01:01,1790114461464,fair,btc,1790114400,Up,0.75,6.5385,4.9897,0.0858,0.8163,839,2026-09-23 00:21:56,1790115716800,Down,0.0,-4.9897,-100.0,lost,polymarket
8,2026-09-23 00:01:01,1790114461466,fair,eth,1790114400,Up,0.75,6.5329,4.9854,0.0857,0.8055,839,2026-09-23 00:21:57,1790115717046,Down,0.0,-4.9854,-100.0,lost,polymarket
9,2026-09-23 00:17:51,1790115471522,fair,btc,1790115300,Up,0.74,6.4454,4.8564,0.0868,0.8019,729,2026-09-23 00:36:56,1790116616824,Up,6.4454,1.589,32.72,won,polymarket
10,2026-09-23 00:43:26,1790117006619,diparb_leg1,btc,1790116200,Down,0.05,20.0,1.0665,0.0665,,94,2026-09-23 00:52:56,1790117576930,Up,0.0,-1.0665,-100.0,lost,polymarket
12,2026-09-23 00:46:11,1790117171635,fair,btc,1790117100,Down,0.46,9.2923,4.436,0.1616,0.5194,829,2026-09-23 01:07:56,1790118476953,Down,9.2923,4.8563,109.47,won,polymarket
11,2026-09-23 00:46:01,1790117161649,fair,eth,1790117100,Down,0.35,12.1492,4.4457,0.1935,0.4234,839,2026-09-23 01:07:57,1790118477190,Down,12.1492,7.7035,173.28,won,polymarket
13,2026-09-23 00:58:21,1790117901668,diparb_leg1,eth,1790117100,Up,0.05,20.0,1.0665,0.0665,,99,2026-09-23 01:07:57,1790118477191,Down,0.0,-1.0665,-100.0,lost,polymarket
15,2026-09-23 01:05:36,1790118336723,fair,btc,1790118000,Up,0.9,4.8744,4.4177,0.0307,0.9611,564,2026-09-23 01:17:56,1790119076968,Up,4.8744,0.4567,10.34,won,polymarket
14,2026-09-23 01:03:16,1790118196707,fair,eth,1790118000,Down,0.19,19.0,3.8147,0.2047,0.2457,704,2026-09-23 01:17:57,1790119077194,Up,0.0,-3.8147,-100.0,lost,polymarket
17,2026-09-23 01:21:51,1790119311752,fair,btc,1790118900,Down,0.7,6.8524,4.8974,0.1007,0.7587,489,2026-09-23 01:32:54,1790119974817,Down,6.8524,1.955,39.92,won,polymarket
16,2026-09-23 01:16:01,1790118961718,fair,eth,1790118900,Up,0.51,9.5962,5.0619,0.1679,0.5799,839,2026-09-23 01:34:54,1790120094831,Down,0.0,-5.0619,-100.0,lost,polymarket
18,2026-09-23 01:32:04,1790119924440,fair,btc,1790119800,Down,0.62,7.6864,4.8923,0.1268,0.6868,776,2026-09-23 01:49:54,1790120994735,Down,7.6864,2.7941,57.11,won,polymarket
20,2026-09-23 01:46:24,1790120784536,fair,btc,1790120700,Down,0.34,13.308,4.7338,0.209,0.4021,816,2026-09-23 02:03:54,1790121834818,Up,0.0,-4.7338,-100.0,lost,polymarket
21,2026-09-23 01:58:39,1790121519566,diparb_leg1,btc,1790120700,Down,0.06,20.0,1.27896,0.07896,,81,2026-09-23 02:03:54,1790121834818,Up,0.0,-1.279,-100.0,lost,polymarket
19,2026-09-23 01:46:04,1790120764523,fair,eth,1790120700,Down,0.35,12.9647,4.7441,0.2065,0.4396,836,2026-09-23 02:03:55,1790121835036,Up,0.0,-4.7441,-100.0,lost,polymarket
22,2026-09-23 01:58:54,1790121534499,diparb_leg1,eth,1790120700,Down,0.16,20.0,3.38816,0.18816,,66,2026-09-23 02:03:55,1790121835037,Up,0.0,-3.3882,-100.0,lost,polymarket
24,2026-09-23 02:11:34,1790122294562,fair,eth,1790121600,Down,0.39,10.8449,4.4101,0.1806,0.4615,206,2026-09-23 02:18:55,1790122735148,Up,0.0,-4.4101,-100.0,lost,polymarket
23,2026-09-23 02:01:39,1790121699579,fair,btc,1790121600,Down,0.63,7.534,4.8694,0.1229,0.6865,801,2026-09-23 02:20:54,1790122854860,Up,0.0,-4.8694,-100.0,lost,polymarket
25,2026-09-23 02:12:24,1790122344611,diparb_leg1,btc,1790121600,Down,0.05,20.0,1.0665,0.0665,,156,2026-09-23 02:20:54,1790122854861,Up,0.0,-1.0665,-100.0,lost,polymarket
26,2026-09-23 02:19:54,1790122794640,fair,btc,1790122500,Up,0.85,4.8777,4.1896,0.0435,0.9093,606,2026-09-23 02:33:54,1790123634886,Up,4.8777,0.6881,16.42,won,polymarket
28,2026-09-23 02:26:19,1790123179633,diparb_leg1,btc,1790122500,Down,0.05,20.0,1.0665,0.0665,,221,2026-09-23 02:33:54,1790123634887,Up,0.0,-1.0665,-100.0,lost,polymarket
27,2026-09-23 02:26:29,1790123189647,fair,eth,1790122500,Down,0.23,8.0,1.9392,0.0992,0.2842,211,2026-09-23 02:33:55,1790123635111,Down,8.0,6.0608,312.54,won,polymarket
29,2026-09-23 02:28:54,1790123334683,diparb_leg1,eth,1790122500,Up,0.44,20.0,9.14496,0.3449600000000001,,66,2026-09-23 02:33:55,1790123635111,Down,0.0,-9.145,-100.0,lost,polymarket
31,2026-09-23 02:38:04,1790123884693,fair,btc,1790123400,Down,0.31,13.1824,4.2839,0.1974,0.3667,416,2026-09-23 02:47:54,1790124474965,Down,13.1824,8.8985,207.72,won,polymarket
32,2026-09-23 02:44:30,1790124270187,diparb_leg1,btc,1790123400,Up,0.05,20.0,1.0665,0.0665,,31,2026-09-23 02:47:54,1790124474965,Down,0.0,-1.0665,-100.0,lost,polymarket
30,2026-09-23 02:32:14,1790123534641,fair,eth,1790123400,Down,0.26,8.59,2.3491,0.1157,0.3311,766,2026-09-23 02:50:54,1790124654979,Up,0.0,-2.3491,-100.0,lost,polymarket
33,2026-09-23 02:49:39,1790124579701,fair,btc,1790124300,Down,0.46,9.9057,4.7289,0.1722,0.5179,621,2026-09-23 03:03:55,1790125435009,Up,0.0,-4.7289,-100.0,lost,polymarket
35,2026-09-23 02:59:09,1790125149828,diparb_leg1,btc,1790124300,Down,0.15,20.0,3.1785000000000005,0.1785,,51,2026-09-23 03:03:55,1790125435009,Up,0.0,-3.1785,-100.0,lost,polymarket
34,2026-09-23 02:50:44,1790124644731,fair,eth,1790124300,Down,0.35,12.8995,4.7202,0.2054,0.4266,556,2026-09-23 03:03:55,1790125435270,Down,12.8995,8.1793,173.28,won,polymarket
36,2026-09-23 02:59:34,1790125174783,diparb_leg1,eth,1790124300,Up,0.27,20.0,5.675940000000001,0.27594,,26,2026-09-23 03:03:55,1790125435270,Down,0.0,-5.6759,-100.0,lost,polymarket
37,2026-09-23 03:01:59,1790125319790,fair,btc,1790125200,Down,0.39,11.3077,4.5983,0.1883,0.4571,781,2026-09-23 03:18:55,1790126335083,Up,0.0,-4.5983,-100.0,lost,polymarket
38,2026-09-23 03:04:59,1790125499801,fair,eth,1790125200,Down,0.18,25.1155,4.7803,0.2595,0.2309,601,2026-09-23 03:18:55,1790126335311,Up,0.0,-4.7803,-100.0,lost,polymarket
40,2026-09-23 03:19:24,1790126364863,fair,btc,1790126100,Up,0.35,5.0,1.8296,0.0796,0.4067,636,2026-09-23 03:34:55,1790127295118,Down,0.0,-1.8296,-100.0,lost,polymarket
41,2026-09-23 03:27:49,1790126869865,diparb_leg1,btc,1790126100,Up,0.0999999999999999,20.0,2.126,0.126,,131,2026-09-23 03:34:55,1790127295119,Down,0.0,-2.126,-100.0,lost,polymarket
39,2026-09-23 03:16:04,1790126164868,fair,eth,1790126100,Up,0.46,9.9862,4.7673,0.1736,0.5194,836,2026-09-23 03:34:55,1790127295345,Down,0.0,-4.7673,-100.0,lost,polymarket
42,2026-09-23 03:35:04,1790127304899,fair,eth,1790127000,Up,0.26,13.0,3.5551,0.1751,0.3138,596,2026-09-23 03:52:55,1790128375443,Down,0.0,-3.5551,-100.0,lost,polymarket
43,2026-09-23 03:46:14,1790127974933,fair,btc,1790127900,Up,0.41,9.3274,3.9822,0.1579,0.49,826,2026-09-23 04:02:55,1790128975200,Up,9.3274,5.3452,134.23,won,polymarket
45,2026-09-23 03:59:09,1790128749976,diparb_leg1,btc,1790127900,Down,0.38,20.0,7.929839999999999,0.32984,,51,2026-09-23 04:02:55,1790128975201,Up,0.0,-7.9298,-100.0,lost,polymarket
44,2026-09-23 03:47:09,1790128029960,fair,eth,1790127900,Up,0.39,9.7731,3.9743,0.1628,0.4604,771,2026-09-23 04:02:55,1790128975451,Down,0.0,-3.9743,-100.0,lost,polymarket
46,2026-09-23 03:58:30,1790128710000,diparb_leg1,eth,1790127900,Up,0.052,20.0,1.1090144,0.0690144,,91,2026-09-23 04:02:55,1790128975452,Down,0.0,-1.109,-100.0,lost,polymarket
47,2026-09-23 04:01:04,1790128864992,fair,btc,1790128800,Down,0.4,9.1102,3.7971,0.1531,0.4975,836,2026-09-23 04:22:55,1790130175294,Up,0.0,-3.7971,-100.0,lost,polymarket
49,2026-09-23 04:14:20,1790129660067,diparb_leg1,btc,1790128800,Down,0.0699999999999999,20.0,1.49114,0.09114,,41,2026-09-23 04:22:55,1790130175294,Up,0.0,-1.4911,-100.0,lost,polymarket
48,2026-09-23 04:01:04,1790128864994,fair,eth,1790128800,Down,0.46,7.938,3.7895,0.138,0.5646,836,2026-09-23 04:22:55,1790130175522,Down,7.938,4.1485,109.47,won,polymarket
50,2026-09-23 04:16:05,1790129765054,fair,eth,1790129700,Down,0.47,7.9337,3.8672,0.1383,0.5348,836,2026-09-23 04:32:55,1790130775547,Up,0.0,-3.8672,-100.0,lost,polymarket
51,2026-09-23 04:16:45,1790129805068,fair,btc,1790129700,Down,0.41,9.0418,3.8603,0.1531,0.4751,796,2026-09-23 04:34:55,1790130895350,Up,0.0,-3.8603,-100.0,lost,polymarket
53,2026-09-23 04:36:50,1790131010139,fair,eth,1790130600,Up,0.32,10.4546,3.5047,0.1592,0.3981,491,2026-09-23 04:48:55,1790131735603,Down,0.0,-3.5047,-100.0,lost,polymarket
54,2026-09-23 04:43:30,1790131410138,diparb_leg1,eth,1790130600,Up,0.12,20.0,2.54784,0.14784,,91,2026-09-23 04:48:55,1790131735604,Down,0.0,-2.5478,-100.0,lost,polymarket
52,2026-09-23 04:36:30,1790130990101,fair,btc,1790130600,Up,0.3,11.1628,3.5129,0.1641,0.3602,511,2026-09-23 04:49:55,1790131795390,Down,0.0,-3.5129,-100.0,lost,polymarket
56,2026-09-23 04:47:10,1790131630162,fair,btc,1790131500,Down,0.35,9.5342,3.4888,0.1518,0.4073,771,2026-09-23 05:03:55,1790132635413,Up,0.0,-3.4888,-100.0,lost,polymarket
57,2026-09-23 04:58:35,1790132315187,diparb_leg1,btc,1790131500,Down,0.12,20.0,2.54784,0.14784,,86,2026-09-23 05:03:55,1790132635414,Up,0.0,-2.5478,-100.0,lost,polymarket
55,2026-09-23 04:46:05,1790131565163,fair,eth,1790131500,Down,0.32,10.4308,3.4968,0.1589,0.4144,836,2026-09-23 05:03:55,1790132635629,Up,0.0,-3.4968,-100.0,lost,polymarket
58,2026-09-23 04:57:10,1790132230193,diparb_leg1,eth,1790131500,Down,0.0999999999999999,20.0,2.126,0.126,,171,2026-09-23 05:03:55,1790132635630,Up,0.0,-2.126,-100.0,lost,polymarket
60,2026-09-23 05:13:30,1790133210217,diparb_leg1,btc,1790132400,Up,0.09,20.0,1.91466,0.11466,,91,2026-09-23 05:18:55,1790133535427,Down,0.0,-1.9147,-100.0,lost,polymarket
59,2026-09-23 05:01:45,1790132505189,fair,eth,1790132400,Up,0.38,7.9358,3.1465,0.1309,0.4454,796,2026-09-23 05:18:55,1790133535621,Up,7.9358,4.7893,152.21,won,polymarket
61,2026-09-23 05:13:15,1790133195192,diparb_leg1,eth,1790132400,Down,0.29,20.0,6.088260000000001,0.28826,,106,2026-09-23 05:18:55,1790133535621,Up,0.0,-6.0883,-100.0,lost,polymarket
62,2026-09-23 05:16:40,1790133400227,fair,btc,1790133300,Down,0.59,4.6236,2.8062,0.0783,0.6778,801,2026-09-23 05:33:55,1790134435497,Up,0.0,-2.8062,-100.0,lost,polymarket
63,2026-09-23 05:20:00,1790133600215,fair,eth,1790133300,Down,0.3,9.6864,3.0483,0.1424,0.3849,601,2026-09-23 05:34:55,1790134495455,Up,0.0,-3.0483,-100.0,lost,polymarket
64,2026-09-23 05:33:55,1790134435255,fair,btc,1790134200,Down,0.44,6.6511,3.0412,0.1147,0.5002,666,2026-09-23 05:50:55,1790135455500,Up,0.0,-3.0412,-100.0,lost,polymarket
65,2026-09-23 05:37:55,1790134675287,fair,eth,1790134200,Up,0.71,3.8014,2.7538,0.0548,0.7688,426,2026-09-23 05:50:55,1790135455700,Up,3.8014,1.0476,38.04,won,polymarket
66,2026-09-23 05:46:05,1790135165307,fair,btc,1790135100,Down,0.62,4.3222,2.751,0.0713,0.724,836,2026-09-23 06:04:55,1790136295599,Down,4.3222,1.5712,57.11,won,polymarket
67,2026-09-23 05:46:05,1790135165308,fair,eth,1790135100,Down,0.67,4.0081,2.7475,0.062,0.7778,836,2026-09-23 06:04:55,1790136295803,Down,4.0081,1.2606,45.88,won,polymarket
68,2026-09-23 06:02:40,1790136160367,fair,eth,1790136000,Up,0.24,10.4964,2.6532,0.134,0.2964,741,2026-09-23 14:54:58,1790168098066,Up,10.4964,7.8432,295.61,won,polymarket
69,2026-09-23 06:05:00,1790136300408,fair,btc,1790136000,Up,0.25,10.6212,2.7947,0.1394,0.3108,601,2026-09-23 14:54:58,1790168098348,Up,10.6212,7.8265,280.05,won,polymarket
70,2026-09-23 14:58:41,1790168321199,diparb_leg1,btc,1790167500,Down,0.5,20.0,10.35,0.35,,80,2026-09-23 15:05:56,1790168756484,Up,0.0,-10.35,-100.0,lost,polymarket
72,2026-09-23 15:01:16,1790168476213,fair,btc,1790168400,Down,0.56,6.2,3.579,0.1069,0.6291,825,2026-09-23 15:21:56,1790169716596,Down,6.2,2.621,73.23,won,polymarket
71,2026-09-23 15:01:01,1790168461179,fair,eth,1790168400,Down,0.51,6.7961,3.5849,0.1189,0.5714,840,2026-09-23 15:21:56,1790169716836,Down,6.7961,3.2112,89.58,won,polymarket
73,2026-09-23 15:31:31,1790170291322,fair,btc,1790170200,Up,0.57,6.6022,3.8765,0.1133,0.6432,810,2026-09-23 15:47:56,1790171276607,Up,6.6022,2.7257,70.31,won,polymarket
74,2026-09-23 15:33:01,1790170381292,fair,eth,1790170200,Up,0.69,5.4908,3.8708,0.0822,0.7741,720,2026-09-23 15:47:56,1790171276807,Up,5.4908,1.62,41.85,won,polymarket
75,2026-09-23 15:43:16,1790170996353,diparb_leg1,eth,1790170200,Down,0.09,20.0,1.91466,0.11466,,105,2026-09-23 15:47:56,1790171276807,Up,0.0,-1.9147,-100.0,lost,polymarket
76,2026-09-23 15:46:06,1790171166365,fair,btc,1790171100,Down,0.78,4.8822,3.8667,0.0586,0.8385,835,2026-09-23 16:02:56,1790172176722,Down,4.8822,1.0155,26.26,won,polymarket
78,2026-09-23 15:58:36,1790171916414,diparb_leg1,btc,1790171100,Up,0.13,20.0,2.75834,0.15834,,84,2026-09-23 16:02:56,1790172176722,Down,0.0,-2.7583,-100.0,lost,polymarket
77,2026-09-23 15:46:11,1790171171368,fair,eth,1790171100,Down,0.82,4.6533,3.8638,0.0481,0.8877,830,2026-09-23 16:02:56,1790172176944,Down,4.6533,0.7895,20.43,won,polymarket
79,2026-09-23 16:16:01,1790172961478,fair,btc,1790172900,Down,0.54,7.5065,4.184,0.1305,0.6164,839,2026-09-23 16:33:56,1790174036823,Down,7.5065,3.3225,79.41,won,polymarket
80,2026-09-23 16:16:06,1790172966531,fair,eth,1790172900,Down,0.66,6.1824,4.1775,0.0971,0.7389,834,2026-09-23 16:34:56,1790174096810,Down,6.1824,2.0049,47.99,won,polymarket
81,2026-09-23 16:38:26,1790174306557,fair,eth,1790173800,Down,0.05,27.0,1.4398,0.0898,0.0989,394,2026-09-23 16:48:57,1790174937063,Up,0.0,-1.4398,-100.0,lost,polymarket
82,2026-09-23 16:46:36,1790174796611,fair,btc,1790174700,Up,0.37,11.5085,4.4459,0.1878,0.4371,804,2026-09-23 17:04:56,1790175896935,Up,11.5085,7.0626,158.86,won,polymarket
83,2026-09-23 16:46:56,1790174816606,fair,eth,1790174700,Up,0.31,5.0,1.6249,0.0749,0.3765,784,2026-09-23 17:04:57,1790175897177,Up,5.0,3.3751,207.71,won,polymarket
84,2026-09-23 17:01:41,1790175701652,fair,btc,1790175600,Down,0.37,11.2998,4.3653,0.1844,0.4275,799,2026-09-23 17:18:56,1790176736938,Up,0.0,-4.3653,-100.0,lost,polymarket
85,2026-09-23 17:02:41,1790175761628,fair,eth,1790175600,Down,0.31,13.4044,4.3561,0.2007,0.3677,739,2026-09-23 17:18:57,1790176737142,Up,0.0,-4.3561,-100.0,lost,polymarket
86,2026-09-23 17:13:16,1790176396688,diparb_leg1,eth,1790175600,Down,0.0999999999999999,20.0,2.126,0.126,,104,2026-09-23 17:18:57,1790176737142,Up,0.0,-2.126,-100.0,lost,polymarket
87,2026-09-23 17:21:21,1790176881711,fair,btc,1790176500,Up,0.28,15.1787,4.4642,0.2142,0.3487,519,2026-09-23 17:34:57,1790177697064,Down,0.0,-4.4642,-100.0,lost,polymarket
88,2026-09-23 17:23:16,1790176996718,fair,eth,1790176500,Down,0.26,16.2854,4.4535,0.2193,0.3177,404,2026-09-23 17:34:57,1790177697281,Down,16.2854,11.8319,265.68,won,polymarket
90,2026-09-23 17:33:01,1790177581766,fair,btc,1790177400,Up,0.31,13.6399,4.4326,0.2042,0.3651,719,2026-09-23 17:49:57,1790178597075,Down,0.0,-4.4326,-100.0,lost,polymarket
89,2026-09-23 17:31:16,1790177476786,fair,eth,1790177400,Up,0.33,12.8592,4.4426,0.199,0.4187,824,2026-09-23 17:49:57,1790178597286,Down,0.0,-4.4426,-100.0,lost,polymarket
92,2026-09-23 18:01:26,1790179286873,fair,btc,1790179200,Down,0.78,5.5351,4.3839,0.0665,0.9088,814,2026-09-23 18:21:57,1790180517256,Up,0.0,-4.3839,-100.0,lost,polymarket
91,2026-09-23 18:01:11,1790179271876,fair,eth,1790179200,Down,0.67,6.4026,4.3889,0.0991,0.7289,829,2026-09-23 18:21:57,1790180517481,Up,0.0,-4.3889,-100.0,lost,polymarket
94,2026-09-23 18:26:21,1790180781945,fair,eth,1790180100,Up,0.34,11.0734,3.9389,0.1739,0.3977,219,2026-09-23 18:35:57,1790181357533,Down,0.0,-3.9389,-100.0,lost,polymarket
96,2026-09-23 18:28:16,1790180896985,diparb_leg1,eth,1790180100,Up,0.14,20.0,2.96856,0.16856,,104,2026-09-23 18:35:57,1790181357533,Down,0.0,-2.9686,-100.0,lost,polymarket
93,2026-09-23 18:26:21,1790180781943,fair,btc,1790180100,Up,0.13,28.642,3.9502,0.2268,0.1834,219,2026-09-23 18:36:57,1790181417326,Down,0.0,-3.9502,-100.0,lost,polymarket
95,2026-09-23 18:28:06,1790180886992,diparb_leg1,btc,1790180100,Up,0.05,20.0,1.0665,0.0665,,114,2026-09-23 18:36:57,1790181417327,Down,0.0,-1.0665,-100.0,lost,polymarket
97,2026-09-23 18:31:02,1790181062038,fair,btc,1790181000,Down,0.28,13.3629,3.9302,0.1886,0.3722,839,2026-09-23 18:51:57,1790182317357,Down,13.3629,9.4327,240.01,won,polymarket
98,2026-09-23 18:31:02,1790181062040,fair,eth,1790181000,Down,0.25,14.9007,3.9208,0.1956,0.3241,839,2026-09-23 18:51:57,1790182317562,Up,0.0,-3.9208,-100.0,lost,polymarket
99,2026-09-23 18:43:12,1790181792066,diparb_leg1,eth,1790181000,Down,0.23,20.0,4.84794,0.24794,,109,2026-09-23 18:51:57,1790182317562,Up,0.0,-4.8479,-100.0,lost,polymarket
100,2026-09-23 18:46:52,1790182012065,fair,btc,1790181900,Up,0.34,9.9423,3.5366,0.1562,0.4054,789,2026-09-23 19:03:57,1790183037455,Down,0.0,-3.5366,-100.0,lost,polymarket
101,2026-09-23 18:48:42,1790182122077,fair,eth,1790181900,Up,0.24,13.9604,3.5287,0.1782,0.3024,679,2026-09-23 19:07:57,1790183277455,Down,0.0,-3.5287,-100.0,lost,polymarket
102,2026-09-23 19:01:42,1790182902136,fair,btc,1790182800,Down,0.22,16.4416,3.8146,0.1975,0.2756,799,2026-09-23 19:17:57,1790183877504,Down,16.4416,12.627,331.02,won,polymarket
103,2026-09-23 19:16:12,1790183772702,fair,btc,1790183700,Down,0.27,12.2208,3.4682,0.1686,0.3511,829,2026-09-23 19:37:57,1790185077599,Up,0.0,-3.4682,-100.0,lost,polymarket
104,2026-09-23 19:17:42,1790183862237,fair,eth,1790183700,Down,0.18,18.1777,3.4598,0.1878,0.2335,739,2026-09-23 19:37:57,1790185077888,Up,0.0,-3.4598,-100.0,lost,polymarket
105,2026-09-23 19:35:17,1790184917793,fair,eth,1790184600,Up,0.22,16.0,3.7122,0.1922,0.2747,584,2026-09-23 19:49:57,1790185797868,Up,16.0,12.2878,331.01,won,polymarket
106,2026-09-23 19:35:22,1790184922315,fair,btc,1790184600,Up,0.29,13.4095,4.082,0.1933,0.3469,579,2026-09-23 19:50:57,1790185857620,Up,13.4095,9.3275,228.5,won,polymarket
107,2026-09-23 19:48:47,1790185727396,fair,btc,1790185500,Down,0.37,9.6909,3.7438,0.1581,0.4308,674,2026-09-23 20:03:58,1790186638256,Up,0.0,-3.7438,-100.0,lost,polymarket
109,2026-09-23 19:58:37,1790186317397,diparb_leg1,btc,1790185500,Down,0.05,20.0,1.0665,0.0665,,83,2026-09-23 20:03:58,1790186638256,Up,0.0,-1.0665,-100.0,lost,polymarket
108,2026-09-23 19:48:47,1790185727397,fair,eth,1790185500,Down,0.43,5.0,2.2358,0.0858,0.4893,674,2026-09-23 20:04:57,1790186697741,Up,0.0,-2.2358,-100.0,lost,polymarket
110,2026-09-23 19:58:42,1790186322428,diparb_leg1,eth,1790185500,Down,0.34,20.0,7.114160000000001,0.31416,,78,2026-09-23 20:04:57,1790186697741,Up,0.0,-7.1142,-100.0,lost,polymarket
111,2026-09-23 20:04:47,1790186687481,fair,btc,1790186400,Up,0.27,16.3932,4.6523,0.2262,0.3262,613,2026-09-23 20:19:57,1790187597777,Down,0.0,-4.6523,-100.0,lost,polymarket
113,2026-09-23 20:13:27,1790187207497,diparb_leg1,btc,1790186400,Up,0.05,20.0,1.0665,0.0665,,93,2026-09-23 20:19:57,1790187597777,Down,0.0,-1.0665,-100.0,lost,polymarket
112,2026-09-23 20:11:47,1790187107490,fair,eth,1790186400,Up,0.15,28.5262,4.5335,0.2546,0.2001,193,2026-09-23 20:20:57,1790187657807,Down,0.0,-4.5335,-100.0,lost,polymarket
114,2026-09-23 20:13:52,1790187232492,diparb_leg1,eth,1790186400,Up,0.04,20.0,0.8537600000000001,0.05376,,68,2026-09-23 20:20:57,1790187657807,Down,0.0,-0.8538,-100.0,lost,polymarket
115,2026-09-23 20:16:47,1790187407531,fair,btc,1790187300,Up,0.5,8.7358,4.5208,0.1529,0.5603,793,2026-09-23 20:34:59,1790188499266,Down,0.0,-4.5208,-100.0,lost,polymarket
117,2026-09-23 20:29:13,1790188153942,diparb_leg1,btc,1790187300,Up,0.03,20.0,0.64074,0.04074,,47,2026-09-23 20:34:59,1790188499267,Down,0.0,-0.6407,-100.0,lost,polymarket
116,2026-09-23 20:16:57,1790187417512,fair,eth,1790187300,Up,0.4,10.8281,4.5131,0.1819,0.4653,783,2026-09-23 20:34:59,1790188499525,Down,0.0,-4.5131,-100.0,lost,polymarket
118,2026-09-23 20:29:13,1790188153943,diparb_leg1,eth,1790187300,Up,0.06,20.0,1.27896,0.07896,,47,2026-09-23 20:34:59,1790188499525,Down,0.0,-1.279,-100.0,lost,polymarket
120,2026-09-23 20:33:28,1790188408951,fair,btc,1790188200,Up,0.46,8.5092,4.0622,0.148,0.5188,692,2026-09-23 20:47:59,1790189279356,Up,8.5092,4.447,109.47,won,polymarket
121,2026-09-23 20:43:44,1790189024014,diparb_leg1,btc,1790188200,Down,0.27,20.0,5.675940000000001,0.27594,,77,2026-09-23 20:47:59,1790189279357,Up,0.0,-5.6759,-100.0,lost,polymarket
119,2026-09-23 20:32:53,1790188373985,fair,eth,1790188200,Up,0.52,7.5703,4.0688,0.1323,0.5898,727,2026-09-23 20:47:59,1790189279556,Up,7.5703,3.5015,86.06,won,polymarket
122,2026-09-23 20:43:49,1790189029016,diparb_leg1,eth,1790188200,Down,0.41,20.0,8.538660000000002,0.33866,,72,2026-09-23 20:47:59,1790189279557,Up,0.0,-8.5387,-100.0,lost,polymarket
124,2026-09-23 20:48:34,1790189314095,fair,btc,1790189100,Down,0.44,8.807,4.027,0.1519,0.5567,687,2026-09-23 21:02:59,1790190179348,Up,0.0,-4.027,-100.0,lost,polymarket
123,2026-09-23 20:46:04,1790189164038,fair,eth,1790189100,Down,0.43,5.0,2.2358,0.0858,0.489,837,2026-09-23 21:06:59,1790190419657,Up,0.0,-2.2358,-100.0,lost,polymarket
126,2026-09-23 21:01:49,1790190109117,fair,eth,1790190000,Up,0.5,7.7558,4.0136,0.1357,0.5781,792,2026-09-23 21:17:59,1790191079697,Down,0.0,-4.0136,-100.0,lost,polymarket
127,2026-09-23 21:14:04,1790190844200,diparb_leg1,eth,1790190000,Up,0.18,20.0,3.8066400000000007,0.20664,,57,2026-09-23 21:17:59,1790191079697,Down,0.0,-3.8066,-100.0,lost,polymarket
125,2026-09-23 21:01:39,1790190099112,fair,btc,1790190000,Up,0.58,6.732,4.0194,0.1148,0.6502,802,2026-09-23 21:21:59,1790191319437,Up,6.732,2.7126,67.49,won,polymarket
129,2026-09-23 21:39:44,1790192384314,fair,btc,1790191800,Down,0.26,13.3314,3.6457,0.1795,0.3172,317,2026-09-23 21:48:59,1790192939631,Up,0.0,-3.6457,-100.0,lost,polymarket
130,2026-09-23 21:43:34,1790192614385,diparb_leg1,btc,1790191800,Down,0.12,20.0,2.54784,0.14784,,87,2026-09-23 21:48:59,1790192939632,Up,0.0,-2.5478,-100.0,lost,polymarket
128,2026-09-23 21:33:59,1790192039321,fair,eth,1790191800,Down,0.4,8.7646,3.6531,0.1472,0.4598,662,2026-09-23 21:48:59,1790192939857,Up,0.0,-3.6531,-100.0,lost,polymarket
131,2026-09-23 21:43:39,1790192619324,diparb_leg1,eth,1790191800,Down,0.39,20.0,8.13306,0.33306,,82,2026-09-23 21:48:59,1790192939857,Up,0.0,-8.1331,-100.0,lost,polymarket
133,2026-09-23 21:47:24,1790192844395,fair,btc,1790192700,Up,0.63,5.6201,3.6324,0.0917,0.6986,757,2026-09-23 22:02:59,1790193779650,Up,5.6201,1.9877,54.72,won,polymarket
134,2026-09-23 21:59:19,1790193559377,diparb_leg1,btc,1790192700,Up,0.75,20.0,15.2625,0.2625,,42,2026-09-23 22:02:59,1790193779651,Up,20.0,4.7375,31.04,won,polymarket
132,2026-09-23 21:46:29,1790192789327,fair,eth,1790192700,Up,0.65,5.4612,3.6367,0.087,0.7521,812,2026-09-23 22:02:59,1790193779872,Up,5.4612,1.8245,50.17,won,polymarket
135,2026-09-23 21:57:59,1790193479388,diparb_leg1,eth,1790192700,Down,0.13,20.0,2.75834,0.15834,,122,2026-09-23 22:02:59,1790193779872,Up,0.0,-2.7583,-100.0,lost,polymarket
136,2026-09-23 22:01:04,1790193664371,fair,btc,1790193600,Down,0.37,8.4884,3.2792,0.1385,0.4721,836,2026-09-23 22:18:59,1790194739718,Down,8.4884,5.2092,158.86,won,polymarket
137,2026-09-23 22:01:04,1790193664373,fair,eth,1790193600,Down,0.41,5.0,2.1347,0.0847,0.5486,836,2026-09-23 22:18:59,1790194739929,Down,5.0,2.8653,134.22,won,polymarket
138,2026-09-23 22:13:24,1790194404474,diparb_leg1,eth,1790193600,Up,0.09,20.0,1.91466,0.11466,,96,2026-09-23 22:18:59,1790194739930,Down,0.0,-1.9147,-100.0,lost,polymarket
139,2026-09-23 22:16:04,1790194564474,fair,btc,1790194500,Up,0.54,6.2211,3.4676,0.1082,0.6337,836,2026-09-23 22:33:59,1790195639789,Down,0.0,-3.4676,-100.0,lost,polymarket
140,2026-09-23 22:16:04,1790194564476,fair,eth,1790194500,Up,0.6,5.6131,3.4622,0.0943,0.6882,836,2026-09-23 22:34:00,1790195640003,Down,0.0,-3.4622,-100.0,lost,polymarket
141,2026-09-23 22:31:04,1790195464519,fair,btc,1790195400,Down,0.24,15.3198,3.8723,0.1956,0.3405,836,2026-09-23 22:48:59,1790196539902,Up,0.0,-3.8723,-100.0,lost,polymarket
142,2026-09-23 22:31:04,1790195464521,fair,eth,1790195400,Down,0.24,15.2811,3.8626,0.1951,0.3848,836,2026-09-23 22:49:00,1790196540121,Up,0.0,-3.8626,-100.0,lost,polymarket
144,2026-09-23 22:48:04,1790196484576,fair,btc,1790196300,Down,0.64,5.3503,3.5105,0.0863,0.7051,716,2026-09-23 23:03:59,1790197439901,Down,5.3503,1.8398,52.41,won,polymarket
143,2026-09-23 22:46:54,1790196414583,fair,eth,1790196300,Down,0.5,6.7951,3.5165,0.1189,0.5657,786,2026-09-23 23:04:00,1790197440123,Down,6.7951,3.2786,93.23,won,polymarket
146,2026-09-23 23:01:14,1790197274626,fair,btc,1790197200,Down,0.43,7.0082,3.1338,0.1202,0.4902,826,2026-09-23 23:19:00,1790198340011,Up,0.0,-3.1338,-100.0,lost,polymarket
145,2026-09-23 23:01:04,1790197264652,fair,eth,1790197200,Down,0.51,5.9507,3.139,0.1041,0.5986,836,2026-09-23 23:19:00,1790198340294,Up,0.0,-3.139,-100.0,lost,polymarket
147,2026-09-23 23:13:24,1790198004684,diparb_leg1,eth,1790197200,Down,0.04,20.0,0.8537600000000001,0.05376,,96,2026-09-23 23:19:00,1790198340295,Up,0.0,-0.8538,-100.0,lost,polymarket
148,2026-09-23 23:21:44,1790198504739,fair,btc,1790198100,Down,0.6,5.0122,3.0915,0.0842,0.6649,496,2026-09-23 23:35:00,1790199300048,Up,0.0,-3.0915,-100.0,lost,polymarket
150,2026-09-23 23:28:29,1790198909762,diparb_leg1,btc,1790198100,Down,0.08,20.0,1.70304,0.10304,,91,2026-09-23 23:35:00,1790199300049,Up,0.0,-1.703,-100.0,lost,polymarket
149,2026-09-23 23:27:59,1790198879731,fair,eth,1790198100,Down,0.23,5.0,1.212,0.062,0.2867,121,2026-09-23 23:35:00,1790199300266,Up,0.0,-1.212,-100.0,lost,polymarket
151,2026-09-23 23:28:24,1790198904793,diparb_leg1,eth,1790198100,Down,0.22,20.0,4.64024,0.24024,,96,2026-09-23 23:35:00,1790199300267,Up,0.0,-4.6402,-100.0,lost,polymarket
152,2026-09-23 23:35:14,1790199314799,fair,btc,1790199000,Up,0.71,3.9706,2.8763,0.0572,0.8255,586,2026-09-23 23:50:00,1790200200054,Up,3.9706,1.0943,38.05,won,polymarket
153,2026-09-23 23:35:14,1790199314801,fair,eth,1790199000,Up,0.71,3.9666,2.8735,0.0572,0.8389,586,2026-09-23 23:50:00,1790200200264,Up,3.9666,1.0931,38.04,won,polymarket
154,2026-09-23 23:46:59,1790200019896,fair,btc,1790199900,Up,0.48,5.7704,2.8706,0.1008,0.5719,781,2026-09-24 00:05:00,1790201100128,Down,0.0,-2.8706,-100.0,lost,polymarket
155,2026-09-23 23:54:09,1790200449864,fair,eth,1790199900,Down,0.36,7.9246,2.9807,0.1278,0.4167,351,2026-09-24 00:05:00,1790201100320,Down,7.9246,4.9439,165.86,won,polymarket
156,2026-09-23 23:58:44,1790200724859,diparb_leg1,eth,1790199900,Up,0.24,20.0,5.055360000000001,0.2553600000000001,,76,2026-09-24 00:05:00,1790201100321,Down,0.0,-5.0554,-100.0,lost,polymarket
158,2026-09-24 00:02:19,1790200939888,fair,btc,1790200800,Up,0.65,4.4593,2.9695,0.071,0.7064,761,2026-09-24 00:21:00,1790202060189,Up,4.4593,1.4898,50.17,won,polymarket
157,2026-09-24 00:01:04,1790200864899,fair,eth,1790200800,Down,0.53,5.4331,2.9743,0.0947,0.6117,836,2026-09-24 00:21:00,1790202060383,Up,0.0,-2.9743,-100.0,lost,polymarket
159,2026-09-24 00:16:10,1790201770000,fair,eth,1790201700,Up,0.38,7.7709,3.0811,0.1282,0.4565,831,2026-09-24 00:34:00,1790202840393,Down,0.0,-3.0811,-100.0,lost,polymarket
160,2026-09-24 00:17:09,1790201829996,fair,btc,1790201700,Up,0.4,7.3769,3.0747,0.1239,0.4641,771,2026-09-24 00:36:00,1790202960240,Down,0.0,-3.0747,-100.0,lost,polymarket
161,2026-09-24 00:31:04,1790202664993,fair,eth,1790202600,Up,0.23,12.3869,3.0026,0.1536,0.3584,836,2026-09-24 00:50:00,1790203800490,Down,0.0,-3.0026,-100.0,lost,polymarket
162,2026-09-24 00:34:15,1790202855041,fair,btc,1790202600,Up,0.28,9.6808,2.8472,0.1366,0.3412,646,2026-09-24 00:51:00,1790203860308,Up,9.6808,6.8336,240.01,won,polymarket
163,2026-09-24 00:44:10,1790203450087,diparb_leg1,btc,1790202600,Down,0.27,20.0,5.675940000000001,0.27594,,51,2026-09-24 00:51:00,1790203860308,Up,0.0,-5.6759,-100.0,lost,polymarket
165,2026-09-24 00:51:50,1790203910088,fair,btc,1790203500,Down,0.21,13.0469,2.8914,0.1515,0.2617,491,2026-09-24 01:07:00,1790204820381,Up,0.0,-2.8914,-100.0,lost,polymarket
164,2026-09-24 00:46:05,1790203565075,fair,eth,1790203500,Down,0.15,16.9442,2.6929,0.1512,0.262,836,2026-09-24 01:07:00,1790204820586,Up,0.0,-2.6929,-100.0,lost,polymarket
166,2026-09-24 01:01:05,1790204465124,fair,btc,1790204400,Up,0.3,9.1636,2.8838,0.1347,0.3925,836,2026-09-24 01:22:00,1790205720444,Down,0.0,-2.8838,-100.0,lost,polymarket
168,2026-09-24 01:13:05,1790205185193,diparb_leg1,btc,1790204400,Up,0.19,20.0,4.01546,0.21546,,116,2026-09-24 01:22:00,1790205720444,Down,0.0,-4.0155,-100.0,lost,polymarket
167,2026-09-24 01:01:05,1790204465126,fair,eth,1790204400,Up,0.33,8.3277,2.877,0.1289,0.4496,836,2026-09-24 01:22:00,1790205720636,Down,0.0,-2.877,-100.0,lost,polymarket
169,2026-09-24 01:17:20,1790205440199,fair,btc,1790205300,Up,0.4,5.0,2.084,0.084,0.4587,761,2026-09-24 01:37:00,1790206620544,Down,0.0,-2.084,-100.0,lost,polymarket
171,2026-09-24 01:28:25,1790206105243,diparb_leg1,btc,1790205300,Up,0.0999999999999999,20.0,2.126,0.126,,96,2026-09-24 01:37:00,1790206620545,Down,0.0,-2.126,-100.0,lost,polymarket
170,2026-09-24 01:21:00,1790205660234,fair,eth,1790205300,Up,0.4,6.2436,2.6023,0.1049,0.4633,541,2026-09-24 01:37:00,1790206620738,Down,0.0,-2.6023,-100.0,lost,polymarket
173,2026-09-24 01:38:25,1790206705299,fair,eth,1790206200,Up,0.3,6.6555,2.0945,0.0978,0.3624,396,2026-09-24 01:51:00,1790207460731,Down,0.0,-2.0945,-100.0,lost,polymarket
172,2026-09-24 01:33:15,1790206395309,fair,btc,1790206200,Down,0.64,3.5393,2.3222,0.0571,0.7009,706,2026-09-24 01:52:00,1790207520613,Down,3.5393,1.2171,52.41,won,polymarket
174,2026-09-24 01:43:40,1790207020303,diparb_leg1,btc,1790206200,Up,0.06,20.0,1.27896,0.07896,,81,2026-09-24 01:52:00,1790207520613,Down,0.0,-1.279,-100.0,lost,polymarket
175,2026-09-24 01:47:00,1790207220338,fair,btc,1790207100,Down,0.61,3.3345,2.0896,0.0555,0.674,781,2026-09-24 02:07:00,1790208420615,Down,3.3345,1.2449,59.58,won,polymarket
176,2026-09-24 01:51:20,1790207480357,fair,eth,1790207100,Up,0.67,2.8987,1.987,0.0449,0.7292,521,2026-09-24 02:08:00,1790208480655,Up,2.8987,0.9117,45.88,won,polymarket
177,2026-09-24 02:01:05,1790208065394,fair,eth,1790208000,Up,0.69,2.9057,2.0485,0.0435,0.7883,835,2026-09-24 02:18:00,1790209080854,Up,2.9057,0.8572,41.85,won,polymarket
178,2026-09-24 02:09:05,1790208545431,fair,btc,1790208000,Down,0.29,7.0928,2.1591,0.1022,0.3551,355,2026-09-24 02:19:00,1790209140718,Down,7.0928,4.9337,228.51,won,polymarket
179,2026-09-24 02:18:55,1790209135474,fair,btc,1790208900,Up,0.68,3.1631,2.1991,0.0482,0.7456,665,2026-09-24 02:34:00,1790210040749,Down,0.0,-2.1991,-100.0,lost,polymarket
180,2026-09-24 02:25:25,1790209525498,fair,eth,1790208900,Down,0.14,16.4959,2.4484,0.139,0.2192,275,2026-09-24 02:34:00,1790210040938,Up,0.0,-2.4484,-100.0,lost,polymarket
182,2026-09-24 02:40:25,1790210425549,fair,btc,1790209800,Down,0.83,2.6349,2.213,0.026,0.8917,275,2026-09-24 02:48:00,1790210880777,Up,0.0,-2.213,-100.0,lost,polymarket
183,2026-09-24 02:44:35,1790210675549,diparb_leg1,btc,1790209800,Down,0.26,20.0,5.46936,0.26936,,25,2026-09-24 02:48:00,1790210880777,Up,0.0,-5.4694,-100.0,lost,polymarket
181,2026-09-24 02:31:05,1790209865505,fair,eth,1790209800,Down,0.33,7.067,2.4415,0.1094,0.3864,835,2026-09-24 02:48:00,1790210880969,Down,7.067,4.6255,189.45,won,polymarket
185,2026-09-24 02:57:25,1790211445631,fair,btc,1790210700,Up,0.48,4.6935,2.3349,0.082,0.5963,155,2026-09-24 03:03:00,1790211780849,Down,0.0,-2.3349,-100.0,lost,polymarket
186,2026-09-24 02:58:50,1790211530625,diparb_leg1,btc,1790210700,Up,0.05,20.0,1.0665,0.0665,,70,2026-09-24 03:03:00,1790211780849,Down,0.0,-1.0665,-100.0,lost,polymarket
184,2026-09-24 02:46:45,1790210805575,fair,eth,1790210700,Up,0.41,5.0,2.1347,0.0847,0.5092,795,2026-09-24 03:03:01,1790211781042,Down,0.0,-2.1347,-100.0,lost,polymarket
187,2026-09-24 03:01:25,1790211685666,fair,eth,1790211600,Up,0.69,3.3062,2.3308,0.0495,0.7524,815,2026-09-24 03:18:01,1790212681174,Down,0.0,-2.3308,-100.0,lost,polymarket
190,2026-09-24 03:14:00,1790212440702,diparb_leg1,eth,1790211600,Up,0.11,20.0,2.33706,0.13706,,60,2026-09-24 03:18:01,1790212681175,Down,0.0,-2.3371,-100.0,lost,polymarket
188,2026-09-24 03:07:55,1790212075669,fair,btc,1790211600,Up,0.49,4.1639,2.1132,0.0728,0.5484,425,2026-09-24 03:19:00,1790212740972,Down,0.0,-2.1132,-100.0,lost,polymarket
189,2026-09-24 03:12:55,1790212375698,diparb_leg1,btc,1790211600,Up,0.0699999999999999,20.0,1.49114,0.09114,,125,2026-09-24 03:19:00,1790212740973,Down,0.0,-1.4911,-100.0,lost,polymarket
192,2026-09-24 03:17:35,1790212655752,fair,btc,1790212500,Down,0.72,2.8691,2.1062,0.0405,0.781,745,2026-09-24 03:34:01,1790213641045,Down,2.8691,0.7629,36.22,won,polymarket
191,2026-09-24 03:16:45,1790212605717,fair,eth,1790212500,Down,0.54,3.7846,2.1095,0.0658,0.6046,795,2026-09-24 03:35:00,1790213700995,Up,0.0,-2.1095,-100.0,lost,polymarket
193,2026-09-24 03:29:20,1790213360810,diparb_leg1,eth,1790212500,Down,0.23,20.0,4.84794,0.24794,,40,2026-09-24 03:35:00,1790213700995,Up,0.0,-4.8479,-100.0,lost,polymarket
194,2026-09-24 03:31:05,1790213465739,fair,btc,1790213400,Up,0.4,4.53,1.8881,0.0761,0.4586,835,2026-09-24 03:51:01,1790214661080,Down,0.0,-1.8881,-100.0,lost,polymarket
196,2026-09-24 03:42:45,1790214165812,diparb_leg1,btc,1790213400,Up,0.11,20.0,2.33706,0.13706,,135,2026-09-24 03:51:01,1790214661080,Down,0.0,-2.3371,-100.0,lost,polymarket
195,2026-09-24 03:37:45,1790213865787,fair,eth,1790213400,Up,0.82,2.1947,1.8223,0.0227,0.8726,435,2026-09-24 03:51:01,1790214661276,Down,0.0,-1.8223,-100.0,lost,polymarket
197,2026-09-24 03:42:55,1790214175829,diparb_leg1,eth,1790213400,Up,0.05,20.0,1.0665,0.0665,,125,2026-09-24 03:51:01,1790214661276,Down,0.0,-1.0665,-100.0,lost,polymarket
198,2026-09-24 03:46:45,1790214405828,fair,btc,1790214300,Up,0.42,4.1669,1.8212,0.0711,0.4822,795,2026-09-24 04:06:01,1790215561133,Down,0.0,-1.8212,-100.0,lost,polymarket
200,2026-09-24 03:58:10,1790215090909,diparb_leg1,btc,1790214300,Up,0.33,20.0,6.909540000000001,0.30954,,110,2026-09-24 04:06:01,1790215561133,Down,0.0,-6.9095,-100.0,lost,polymarket
199,2026-09-24 03:46:45,1790214405831,fair,eth,1790214300,Up,0.46,3.8074,1.8176,0.0662,0.5188,795,2026-09-24 04:06:01,1790215561350,Down,0.0,-1.8176,-100.0,lost,polymarket
201,2026-09-24 04:08:00,1790215680936,fair,btc,1790215200,Down,0.91,1.5929,1.4586,0.0091,0.9771,420,2026-09-24 04:21:01,1790216461199,Down,1.5929,0.1343,9.21,won,polymarket
202,2026-09-24 04:13:31,1790216011055,fair,eth,1790215200,Up,0.066,20.7379,1.4582,0.0895,0.1372,90,2026-09-24 04:21:01,1790216461387,Down,0.0,-1.4582,-100.0,lost,polymarket
204,2026-09-24 04:16:00,1790216160962,fair,eth,1790216100,Down,0.2,6.8649,1.4499,0.0769,0.2552,840,2026-09-24 04:35:01,1790217301449,Up,0.0,-1.4499,-100.0,lost,polymarket
203,2026-09-24 04:16:00,1790216160960,fair,btc,1790216100,Down,0.2,6.8831,1.4537,0.0771,0.2539,840,2026-09-24 04:36:01,1790217361245,Up,0.0,-1.4537,-100.0,lost,polymarket
206,2026-09-24 04:32:46,1790217166036,fair,eth,1790217000,Down,0.39,3.398,1.3818,0.0566,0.4588,735,2026-09-24 04:48:01,1790218081465,Up,0.0,-1.3818,-100.0,lost,polymarket
205,2026-09-24 04:32:31,1790217151041,fair,btc,1790217000,Down,0.37,3.5845,1.3847,0.0585,0.4461,750,2026-09-24 04:51:01,1790218261290,Up,0.0,-1.3847,-100.0,lost,polymarket
207,2026-09-24 04:48:31,1790218111121,fair,btc,1790217900,Down,0.34,3.304,1.1753,0.0519,0.4079,690,2026-09-24 05:07:01,1790219221422,Up,0.0,-1.1753,-100.0,lost,polymarket
208,2026-09-24 04:51:16,1790218276114,fair,eth,1790217900,Down,0.28,3.7616,1.1063,0.0531,0.3425,525,2026-09-24 05:07:01,1790219221623,Up,0.0,-1.1063,-100.0,lost,polymarket
209,2026-09-24 04:58:56,1790218736128,diparb_leg1,eth,1790217900,Down,0.37,20.0,7.72634,0.32634,,65,2026-09-24 05:07:01,1790219221623,Up,0.0,-7.7263,-100.0,lost,polymarket
211,2026-09-24 05:07:01,1790219221196,fair,eth,1790218800,Up,0.32,3.284,1.1009,0.05,0.392,480,2026-09-24 05:18:01,1790219881633,Down,0.0,-1.1009,-100.0,lost,polymarket
210,2026-09-24 05:02:36,1790218956167,fair,btc,1790218800,Down,0.24,4.3664,1.1037,0.0558,0.3109,745,2026-09-24 05:22:01,1790220121472,Down,4.3664,3.2627,295.61,won,polymarket
212,2026-09-24 05:22:06,1790220126241,fair,eth,1790219700,Down,0.74,1.4638,1.1029,0.0197,0.8148,475,2026-09-24 05:38:01,1790221081791,Down,1.4638,0.3609,32.72,won,polymarket
214,2026-09-24 05:31:06,1790220666257,fair,eth,1790220600,Down,0.51,2.0858,1.1002,0.0365,0.5743,835,2026-09-24 05:49:01,1790221741783,Up,0.0,-1.1002,-100.0,lost,polymarket
216,2026-09-24 05:44:16,1790221456288,diparb_leg1,eth,1790220600,Down,0.22,20.0,4.64024,0.24024,,45,2026-09-24 05:49:01,1790221741783,Up,0.0,-4.6402,-100.0,lost,polymarket
213,2026-09-24 05:31:06,1790220666256,fair,btc,1790220600,Down,0.54,1.977,1.102,0.0344,0.6023,835,2026-09-24 05:53:01,1790221981606,Down,1.977,0.875,79.4,won,polymarket
215,2026-09-24 05:43:51,1790221431334,diparb_leg1,btc,1790220600,Up,0.14,20.0,2.96856,0.16856,,70,2026-09-24 05:53:01,1790221981607,Down,0.0,-2.9686,-100.0,lost,polymarket
217,2026-09-24 05:47:31,1790221651342,fair,btc,1790221500,Down,0.63,1.7289,1.1174,0.0282,0.7021,750,2026-09-24 06:03:01,1790222581601,Down,1.7289,0.6115,54.73,won,polymarket
218,2026-09-24 05:50:36,1790221836326,fair,eth,1790221500,Down,0.55,1.8734,1.0628,0.0325,0.6079,565,2026-09-24 06:03:01,1790222581789,Up,0.0,-1.0628,-100.0,lost,polymarket
219,2026-09-24 05:59:01,1790222341408,diparb_leg1,eth,1790221500,Up,0.5,20.0,10.35,0.35,,59,2026-09-24 06:03:01,1790222581790,Up,20.0,9.65,93.24,won,polymarket
220,2026-09-24 06:01:01,1790222461412,fair,btc,1790222400,Down,0.52,2.0591,1.1067,0.036,0.6321,839,2026-09-24 06:19:01,1790223541746,Down,2.0591,0.9524,86.06,won,polymarket
221,2026-09-24 06:12:26,1790223146422,diparb_leg1,eth,1790222400,Up,0.05,20.0,1.0665,0.0665,,154,2026-09-24 06:19:01,1790223541937,Down,0.0,-1.0665,-100.0,lost,polymarket
222,2026-09-24 06:16:21,1790223381445,fair,btc,1790223300,Up,0.61,1.732,1.0854,0.0288,0.667,819,2026-09-24 06:34:01,1790224441766,Up,1.732,0.6466,59.57,won,polymarket
224,2026-09-24 06:41:41,1790224901622,fair,eth,1790224200,Up,0.21,5.2526,1.1641,0.061,0.2816,199,2026-09-24 06:49:02,1790225342024,Down,0.0,-1.1641,-100.0,lost,polymarket
223,2026-09-24 06:38:47,1790224727076,fair,btc,1790224200,Up,0.21,5.2664,1.1671,0.0612,0.2904,374,2026-09-24 06:51:01,1790225461799,Down,0.0,-1.1671,-100.0,lost,polymarket
225,2026-09-24 06:53:56,1790225636632,fair,btc,1790225100,Up,0.39,2.5834,1.0506,0.043,0.4837,364,2026-09-24 07:06:01,1790226361886,Up,2.5834,1.5328,145.9,won,polymarket
226,2026-09-24 07:18:31,1790227111856,fair,btc,1790226900,Up,0.39,2.7719,1.1272,0.0462,0.4505,689,2026-09-24 07:36:02,1790228162524,Down,0.0,-1.1272,-100.0,lost,polymarket
228,2026-09-24 07:28:51,1790227731795,diparb_leg1,btc,1790226900,Up,0.13,20.0,2.75834,0.15834,,69,2026-09-24 07:36:02,1790228162525,Down,0.0,-2.7583,-100.0,lost,polymarket
227,2026-09-24 07:20:56,1790227256757,fair,eth,1790226900,Up,0.34,3.1624,1.1249,0.0497,0.4043,544,2026-09-24 07:36:02,1790228162723,Up,3.1624,2.0375,181.13,won,polymarket
229,2026-09-24 07:28:31,1790227711831,diparb_leg1,eth,1790226900,Down,0.3,20.0,6.294,0.294,,89,2026-09-24 07:36:02,1790228162723,Up,0.0,-6.294,-100.0,lost,polymarket
231,2026-09-24 07:31:31,1790227891863,fair,btc,1790227800,Up,0.35,3.06,1.1197,0.0487,0.4108,809,2026-09-24 07:51:02,1790229062098,Up,3.06,1.9403,173.29,won,polymarket
232,2026-09-24 07:43:41,1790228621886,diparb_leg1,btc,1790227800,Down,0.17,20.0,3.5975400000000004,0.19754,,79,2026-09-24 07:51:02,1790229062098,Up,0.0,-3.5975,-100.0,lost,polymarket
230,2026-09-24 07:31:16,1790227876778,fair,eth,1790227800,Up,0.29,3.6871,1.1224,0.0531,0.3518,824,2026-09-24 07:51:02,1790229062318,Down,0.0,-1.1224,-100.0,lost,polymarket
234,2026-09-24 07:47:41,1790228861873,fair,btc,1790228700,Up,0.45,2.4935,1.1653,0.0432,0.5187,739,2026-09-24 08:06:02,1790229962112,Down,0.0,-1.1653,-100.0,lost,polymarket
233,2026-09-24 07:47:26,1790228846866,fair,eth,1790228700,Up,0.4,2.8014,1.1676,0.0471,0.4608,754,2026-09-24 08:06:02,1790229962335,Down,0.0,-1.1676,-100.0,lost,polymarket
236,2026-09-24 08:01:01,1790229661971,fair,eth,1790229600,Up,0.41,2.8264,1.2067,0.0479,0.494,839,2026-09-24 08:20:02,1790230802879,Up,2.8264,1.6197,134.23,won,polymarket
235,2026-09-24 08:01:01,1790229661970,fair,btc,1790229600,Up,0.41,2.832,1.2091,0.048,0.4951,839,2026-09-24 08:21:02,1790230862215,Up,2.832,1.6229,134.22,won,polymarket
238,2026-09-24 08:21:57,1790230917003,fair,eth,1790230500,Up,0.25,4.7785,1.2574,0.0627,0.3053,484,2026-09-24 08:36:02,1790231762518,Up,4.7785,3.5211,280.03,won,polymarket
240,2026-09-24 08:29:22,1790231362034,diparb_leg1,eth,1790230500,Down,0.37,20.0,7.72634,0.32634,,39,2026-09-24 08:36:02,1790231762519,Up,0.0,-7.7263,-100.0,lost,polymarket
237,2026-09-24 08:17:57,1790230677004,fair,btc,1790230500,Up,0.53,1.9951,1.0922,0.0348,0.5959,724,2026-09-24 08:37:02,1790231822254,Up,1.9951,0.9029,82.67,won,polymarket
239,2026-09-24 08:28:42,1790231322038,diparb_leg1,btc,1790230500,Down,0.05,20.0,1.0665,0.0665,,79,2026-09-24 08:37:02,1790231822255,Up,0.0,-1.0665,-100.0,lost,polymarket
242,2026-09-24 08:37:12,1790231832117,fair,eth,1790231400,Down,0.4,3.5452,1.4776,0.0596,0.4573,469,2026-09-24 08:48:02,1790232482524,Up,0.0,-1.4776,-100.0,lost,polymarket
244,2026-09-24 08:43:12,1790232192120,diparb_leg1,eth,1790231400,Down,0.11,20.0,2.33706,0.13706,,109,2026-09-24 08:48:02,1790232482524,Up,0.0,-2.3371,-100.0,lost,polymarket
241,2026-09-24 08:32:17,1790231537062,fair,btc,1790231400,Down,0.37,3.2466,1.2542,0.053,0.4388,764,2026-09-24 08:52:02,1790232722377,Up,0.0,-1.2542,-100.0,lost,polymarket
243,2026-09-24 08:43:52,1790232232115,diparb_leg1,btc,1790231400,Down,0.19,20.0,4.01546,0.21546,,69,2026-09-24 08:52:02,1790232722377,Up,0.0,-4.0155,-100.0,lost,polymarket
246,2026-09-24 08:52:47,1790232767149,fair,btc,1790232300,Up,0.18,7.0407,1.3401,0.0727,0.2357,434,2026-09-24 09:07:02,1790233622423,Down,0.0,-1.3401,-100.0,lost,polymarket
247,2026-09-24 08:58:27,1790233107166,diparb_leg1,btc,1790232300,Up,0.0699999999999999,20.0,1.49114,0.09114,,94,2026-09-24 09:07:02,1790233622424,Down,0.0,-1.4911,-100.0,lost,polymarket
245,2026-09-24 08:51:02,1790232662136,fair,eth,1790232300,Up,0.22,6.0504,1.4038,0.0727,0.2736,539,2026-09-24 09:07:02,1790233622664,Down,0.0,-1.4038,-100.0,lost,polymarket
249,2026-09-24 09:07:57,1790233677242,fair,eth,1790233200,Up,0.4,2.8871,1.2033,0.0485,0.4728,424,2026-09-24 09:18:02,1790234282712,Down,0.0,-1.2033,-100.0,lost,polymarket
248,2026-09-24 09:01:07,1790233267192,fair,btc,1790233200,Up,0.29,4.3902,1.3364,0.0633,0.3479,834,2026-09-24 09:22:02,1790234522594,Down,0.0,-1.3364,-100.0,lost,polymarket
250,2026-09-24 09:16:02,1790234162256,fair,btc,1790234100,Down,0.48,2.414,1.2009,0.0422,0.5441,839,2026-09-24 09:33:02,1790235182547,Up,0.0,-1.2009,-100.0,lost,polymarket
251,2026-09-24 09:16:02,1790234162258,fair,eth,1790234100,Down,0.46,2.5112,1.1988,0.0437,0.5558,839,2026-09-24 09:34:02,1790235242544,Up,0.0,-1.1988,-100.0,lost,polymarket
252,2026-09-24 09:31:02,1790235062348,fair,eth,1790235000,Down,0.37,2.7833,1.0752,0.0454,0.4334,839,2026-09-24 09:48:02,1790236082804,Up,0.0,-1.0752,-100.0,lost,polymarket
253,2026-09-24 09:31:47,1790235107381,fair,btc,1790235000,Down,0.43,2.3995,1.073,0.0412,0.5151,794,2026-09-24 09:49:02,1790236142616,Up,0.0,-1.073,-100.0,lost,polymarket
254,2026-09-24 09:44:02,1790235842354,diparb_leg1,btc,1790235000,Down,0.14,20.0,2.96856,0.16856,,59,2026-09-24 09:49:02,1790236142617,Up,0.0,-2.9686,-100.0,lost,polymarket
255,2026-09-24 09:58:42,1790236722426,diparb_leg1,eth,1790235900,Up,0.04,20.0,0.8537600000000001,0.05376,,78,2026-09-24 10:08:02,1790237282911,Down,0.0,-0.8538,-100.0,lost,polymarket
256,2026-09-24 10:12:22,1790237542505,diparb_leg1,btc,1790236800,Up,0.09,20.0,1.91466,0.11466,,158,2026-09-24 10:20:03,1790238003184,Down,0.0,-1.9147,-100.0,lost,polymarket
257,2026-09-24 11:12:47,1790241167835,diparb_leg1,btc,1790240400,Up,0.08,20.0,1.70304,0.10304,,133,2026-09-24 11:19:02,1790241542968,Down,0.0,-1.703,-100.0,lost,polymarket
258,2026-09-24 11:28:12,1790242092835,diparb_leg1,btc,1790241300,Up,0.05,20.0,1.0665,0.0665,,108,2026-09-24 11:35:03,1790242503058,Down,0.0,-1.0665,-100.0,lost,polymarket
259,2026-09-24 11:42:57,1790242977931,diparb_leg1,btc,1790242200,Up,0.09,20.0,1.91466,0.11466,,123,2026-09-24 11:52:03,1790243523175,Down,0.0,-1.9147,-100.0,lost,polymarket
260,2026-09-24 11:57:47,1790243867959,diparb_leg1,btc,1790243100,Down,0.11,20.0,2.33706,0.13706,,133,2026-09-24 12:05:03,1790244303208,Up,0.0,-2.3371,-100.0,lost,polymarket
261,2026-09-24 12:29:33,1790245773174,diparb_leg1,btc,1790244900,Down,0.06,20.0,1.27896,0.07896,,28,2026-09-24 12:35:03,1790246103355,Up,0.0,-1.279,-100.0,lost,polymarket
262,2026-09-24 12:29:33,1790245773176,diparb_leg1,eth,1790244900,Down,0.12,20.0,2.54784,0.14784,,28,2026-09-24 12:35:03,1790246103564,Up,0.0,-2.5478,-100.0,lost,polymarket
263,2026-09-24 12:57:13,1790247433259,diparb_leg1,btc,1790246700,Down,0.15,20.0,3.1785000000000005,0.1785,,168,2026-09-24 13:06:03,1790247963497,Up,0.0,-3.1785,-100.0,lost,polymarket
264,2026-09-24 12:57:13,1790247433260,diparb_leg1,eth,1790246700,Down,0.04,20.0,0.8537600000000001,0.05376,,168,2026-09-24 13:07:03,1790248023506,Up,0.0,-0.8538,-100.0,lost,polymarket
265,2026-09-24 13:13:23,1790248403326,diparb_leg1,btc,1790247600,Down,0.28,20.0,5.88224,0.28224,,98,2026-09-24 13:19:03,1790248743542,Up,0.0,-5.8822,-100.0,lost,polymarket
266,2026-09-24 13:13:38,1790248418336,diparb_leg1,eth,1790247600,Down,0.26,20.0,5.46936,0.26936,,83,2026-09-24 13:21:03,1790248863547,Up,0.0,-5.4694,-100.0,lost,polymarket
267,2026-09-24 13:28:33,1790249313367,diparb_leg1,btc,1790248500,Up,0.16,20.0,3.38816,0.18816,,88,2026-09-24 13:34:03,1790249643651,Down,0.0,-3.3882,-100.0,lost,polymarket
268,2026-09-24 13:28:38,1790249318346,diparb_leg1,eth,1790248500,Up,0.52,20.0,10.74944,0.34944,,83,2026-09-24 13:34:03,1790249643864,Down,0.0,-10.7494,-100.0,lost,polymarket
269,2026-09-24 13:41:48,1790250108435,diparb_leg1,eth,1790249400,Up,0.06,20.0,1.27896,0.07896,,192,2026-09-24 13:52:03,1790250723715,Down,0.0,-1.279,-100.0,lost,polymarket
270,2026-09-24 14:13:38,1790252018577,diparb_leg1,btc,1790251200,Down,0.23,20.0,4.84794,0.24794,,82,2026-09-24 14:20:03,1790252403827,Up,0.0,-4.8479,-100.0,lost,polymarket
271,2026-09-24 14:14:38,1790252078607,diparb_leg1,eth,1790251200,Down,0.35,20.0,7.318500000000001,0.3185,,22,2026-09-24 14:20:04,1790252404045,Up,0.0,-7.3185,-100.0,lost,polymarket
272,2026-09-24 14:29:03,1790252943625,diparb_leg1,btc,1790252100,Down,0.11,20.0,2.33706,0.13706,,57,2026-09-24 14:36:03,1790253363827,Up,0.0,-2.3371,-100.0,lost,polymarket
273,2026-09-24 14:28:53,1790252933626,diparb_leg1,eth,1790252100,Down,0.35,20.0,7.318500000000001,0.3185,,67,2026-09-24 14:36:04,1790253364045,Up,0.0,-7.3185,-100.0,lost,polymarket
274,2026-09-24 14:43:03,1790253783700,diparb_leg1,btc,1790253000,Up,0.133,20.0,2.8214354000000004,0.1614354,,117,2026-09-24 14:51:03,1790254263935,Down,0.0,-2.8214,-100.0,lost,polymarket
275,2026-09-24 14:56:23,1790254583739,diparb_leg1,btc,1790253900,Down,0.14,20.0,2.96856,0.16856,,217,2026-09-24 15:07:04,1790255224003,Up,0.0,-2.9686,-100.0,lost,polymarket
276,2026-09-24 15:12:44,1790255564295,diparb_leg1,btc,1790254800,Down,0.05,20.0,1.0665,0.0665,,137,2026-09-24 15:22:04,1790256124101,Up,0.0,-1.0665,-100.0,lost,polymarket
277,2026-09-24 15:28:38,1790256518891,diparb_leg1,btc,1790255700,Down,0.04,20.0,0.8537600000000001,0.05376,,82,2026-09-24 15:35:04,1790256904154,Up,0.0,-0.8538,-100.0,lost,polymarket
278,2026-09-24 15:58:34,1790258314030,diparb_leg1,eth,1790257500,Down,0.14,20.0,2.96856,0.16856,,87,2026-09-24 16:07:04,1790258824439,Up,0.0,-2.9686,-100.0,lost,polymarket
279,2026-09-24 16:13:59,1790259239040,diparb_leg1,btc,1790258400,Down,0.6,20.0,12.336,0.3360000000000001,,62,2026-09-24 16:18:04,1790259484268,Up,0.0,-12.336,-100.0,lost,polymarket
