time,ms,equity,cash,dip_equity,dip_cash
2026-09-22 23:36:47,1790113007971,100.0,100.0,100.0,100.0
2026-09-22 23:41:51,1790113311404,100.0,100.0,93.5546,93.5546
2026-09-22 23:46:51,1790113611490,99.5085,90.0056,80.0876,77.8876
2026-09-22 23:51:56,1790113916950,102.6079,90.0056,71.6894,70.2894
2026-09-22 23:57:01,1790114221473,103.3141,90.0056,65.238,65.238
2026-09-23 00:02:01,1790114521480,97.4663,80.0305,67.3684,45.3684
2026-09-23 00:07:01,1790114821506,92.3575,87.3247,55.4584,55.4584
2026-09-23 00:12:01,1790115121560,87.5862,87.3247,40.5068,40.5068
2026-09-23 00:17:06,1790115426556,97.1282,87.3247,37.8304,37.8304
2026-09-23 00:22:06,1790115726586,88.398,82.4683,27.5822,27.5822
2026-09-23 00:27:06,1790116026593,88.7977,82.4683,26.5444,26.5444
2026-09-23 00:32:06,1790116326617,87.2379,82.4683,26.5444,26.5444
2026-09-23 00:37:06,1790116626686,88.9137,88.9137,12.4359,12.4359
2026-09-23 00:42:11,1790116931638,88.9137,88.9137,10.6082,10.6082
2026-09-23 00:47:11,1790117231644,85.5854,80.032,2.5948,1.5948
2026-09-23 00:52:11,1790117531668,91.3175,80.032,7.5254,6.5254
2026-09-23 00:57:11,1790117831674,94.5695,80.032,4.9689,4.9689
2026-09-23 01:02:16,1790118136678,88.5587,80.032,1.655,0.655
2026-09-23 01:07:16,1790118436729,85.3857,71.7996,1.655,0.655
2026-09-23 01:12:21,1790118741723,101.6816,93.2411,0.655,0.655
2026-09-23 01:17:21,1790119041746,100.4944,88.1792,0.655,0.655
2026-09-23 01:22:26,1790119346748,94.5572,88.1562,0.655,0.655
2026-09-23 01:27:29,1790119649828,95.0114,88.1562,0.655,0.655
2026-09-23 01:32:29,1790119949929,97.4896,83.2639,-14.8107,-14.8107
2026-09-23 01:37:30,1790120250057,95.4199,90.1163,-13.6938,-13.6938
2026-09-23 01:42:34,1790120554530,97.4952,90.1163,-20.01,-20.01
2026-09-23 01:47:39,1790120859544,94.4663,80.6384,-31.4589,-31.4589
2026-09-23 01:52:39,1790121159559,93.5828,88.3248,-21.8991,-21.8991
2026-09-23 01:57:39,1790121459573,93.4085,88.3248,-27.7501,-27.7501
2026-09-23 02:02:44,1790121764537,95.9081,83.4554,-27.4792,-31.8792
2026-09-23 02:07:44,1790122064572,88.3525,83.4554,-42.7105,-42.7105
2026-09-23 02:12:44,1790122364628,79.5214,79.0454,-44.8239,-44.8239
2026-09-23 02:17:44,1790122664634,88.0213,79.0454,-42.5236,-43.5236
2026-09-23 02:22:49,1790122969627,78.953,74.8558,-56.7879,-56.7879
2026-09-23 02:27:49,1790123269631,78.7055,72.9166,-57.9823,-57.9823
2026-09-23 02:32:49,1790123569654,79.2164,70.5675,-58.3029,-68.1029
2026-09-23 02:37:49,1790123869711,84.7337,83.4452,-76.009,-76.009
2026-09-23 02:42:54,1790124174712,82.5811,79.1613,-87.3435,-87.3435
2026-09-23 02:47:55,1790124475203,94.5771,92.3437,-114.4515,-114.4515
2026-09-23 02:52:59,1790124779724,90.3811,82.8946,-116.0439,-116.0439
2026-09-23 02:57:59,1790125079778,90.0632,82.8946,-110.9915,-110.9915
2026-09-23 03:02:59,1790125379811,89.7423,78.2963,-99.9805,-108.3805
2026-09-23 03:08:00,1790125680269,87.7093,86.4155,-109.0462,-109.0462
2026-09-23 03:13:04,1790125984799,90.8506,86.4155,-109.1487,-109.1487
2026-09-23 03:18:04,1790126284828,94.174,81.6482,-116.3317,-116.3317
2026-09-23 03:23:04,1790126584861,86.7621,79.8185,-113.4994,-113.4994
2026-09-23 03:28:04,1790126884893,80.3184,79.8185,-127.3445,-127.3445
2026-09-23 03:33:09,1790127189904,86.1622,79.8185,-128.7187,-130.7187
2026-09-23 03:38:14,1790127494925,76.3935,76.2635,-144.9082,-144.9082
2026-09-23 03:43:19,1790127799901,76.2765,76.2635,-145.2797,-145.2797
2026-09-23 03:48:19,1790128099972,76.3421,68.307,-162.2967,-162.2967
2026-09-23 03:53:24,1790128404966,71.1275,68.307,-159.0128,-159.0128
2026-09-23 03:58:24,1790128704977,72.54,68.307,-159.5197,-159.5197
2026-09-23 04:03:24,1790129004984,78.3311,70.0478,-164.5823,-164.5823
2026-09-23 04:08:25,1790129305080,81.4647,70.0478,-165.056,-165.056
2026-09-23 04:13:30,1790129610034,82.0646,70.0478,-161.2034,-161.2034
2026-09-23 04:18:30,1790129910040,73.9502,62.3204,-151.6234,-153.0234
2026-09-23 04:23:30,1790130210065,70.7946,70.2584,-163.4044,-163.4044
2026-09-23 04:28:35,1790130515092,70.2753,70.2584,-163.5654,-163.5654
2026-09-23 04:33:35,1790130815167,73.9655,70.2584,-162.4395,-162.4395
2026-09-23 04:38:40,1790131120151,69.586,63.2407,-168.6351,-168.6351
2026-09-23 04:43:40,1790131420204,67.1123,63.2407,-164.397,-164.397
2026-09-23 04:48:45,1790131725190,69.9698,56.2552,-172.8909,-175.2909
2026-09-23 04:53:50,1790132030163,62.4826,56.2552,-174.9936,-174.9936
2026-09-23 04:58:50,1790132330206,60.4511,56.2552,-173.3487,-173.3487
2026-09-23 05:03:55,1790132635631,54.3784,53.1087,-188.5545,-188.5545
2026-09-23 05:09:00,1790132940178,53.9023,53.1087,-188.2006,-188.2006
2026-09-23 05:14:00,1790133240199,60.8858,53.1087,-198.4438,-198.4438
2026-09-23 05:19:05,1790133545211,59.7178,58.2383,-205.163,-205.163
2026-09-23 05:24:10,1790133850207,58.1421,55.19,-217.8804,-217.8804
2026-09-23 05:29:10,1790134150243,57.9276,55.19,-218.9732,-218.9732
2026-09-23 05:34:10,1790134450247,57.9147,52.1488,-215.5488,-215.5488
2026-09-23 05:39:10,1790134750275,52.5025,49.395,-227.6783,-227.6783
2026-09-23 05:44:10,1790135050286,56.1191,49.395,-234.7231,-234.7231
2026-09-23 05:49:10,1790135350288,56.0165,43.8965,-248.7867,-248.7867
2026-09-23 05:54:10,1790135650365,55.6148,47.6979,-247.7979,-247.7979
2026-09-23 05:59:10,1790135950396,56.0159,47.6979,-247.0528,-247.0528
2026-09-23 06:04:15,1790136255373,51.8794,45.0448,-262.2499,-262.2499
2026-09-23 06:09:15,1790136555406,61.5877,50.5804,-258.507,-258.507
2026-09-23 14:54:58,1790168098371,71.698,71.698,-274.9264,-274.9264
2026-09-23 15:00:02,1790168402702,71.698,71.698,-266.6051,-276.6051
2026-09-23 15:05:06,1790168706321,75.7167,64.5341,-285.3129,-295.3129
2026-09-23 15:10:11,1790169011218,77.1939,64.5341,-298.616,-298.616
2026-09-23 15:15:11,1790169311246,71.4721,64.5341,-296.3617,-296.3617
2026-09-23 15:20:11,1790169611273,71.4721,64.5341,-312.5321,-312.5321
2026-09-23 15:25:11,1790169911298,77.5302,77.5302,-317.5386,-317.5386
2026-09-23 15:30:11,1790170211359,77.5302,77.5302,-317.6991,-317.6991
2026-09-23 15:35:16,1790170516310,75.094,69.7828,-319.9936,-319.9936
2026-09-23 15:40:16,1790170816414,80.5685,69.7828,-336.609,-336.609
2026-09-23 15:45:21,1790171121357,77.3347,69.7828,-343.6683,-345.4683
2026-09-23 15:50:21,1790171421377,81.4785,74.1453,-354.4147,-354.4147
2026-09-23 15:55:21,1790171721442,82.4831,74.1453,-358.9857,-358.9857
2026-09-23 16:00:26,1790172026417,81.7691,74.1453,-373.6172,-376.2172
2026-09-23 16:05:26,1790172326437,83.6808,83.6808,-384.3663,-384.3663
2026-09-23 16:10:26,1790172626480,83.6808,83.6808,-384.1397,-384.1397
2026-09-23 16:15:26,1790172926492,83.6808,83.6808,-394.703,-394.703
2026-09-23 16:20:31,1790173231495,87.8777,75.3192,-400.4709,-400.4709
2026-09-23 16:25:31,1790173531501,88.624,75.3192,-403.3413,-403.3413
2026-09-23 16:30:31,1790173831543,83.4531,75.3192,-403.3413,-403.3413
2026-09-23 16:35:31,1790174131561,89.0081,89.0081,-411.8844,-411.8844
2026-09-23 16:40:31,1790174431616,87.5954,87.5684,-414.0388,-414.0388
2026-09-23 16:45:31,1790174731649,88.9184,87.5684,-414.0388,-414.0388
2026-09-23 16:50:36,1790175036613,86.3605,81.4976,-433.937,-433.937
2026-09-23 16:55:36,1790175336744,96.3402,81.4976,-430.3108,-430.3108
2026-09-23 17:00:42,1790175642118,87.3057,81.4976,-433.7888,-433.7888
2026-09-23 17:05:42,1790175942120,98.6014,89.2847,-444.8443,-444.8443
2026-09-23 17:10:42,1790176242120,93.7946,89.2847,-444.2236,-444.2236
2026-09-23 17:15:42,1790176542140,97.621,89.2847,-463.0449,-465.0449
2026-09-23 17:20:42,1790176842160,89.2847,89.2847,-471.371,-471.371
2026-09-23 17:25:42,1790177142197,95.2911,80.367,-462.4927,-462.4927
2026-09-23 17:30:42,1790177442208,88.8512,80.367,-471.1341,-471.1341
2026-09-23 17:35:42,1790177742268,96.0934,87.7772,-488.4647,-488.4647
2026-09-23 17:40:42,1790178042277,92.4299,87.7772,-490.7535,-490.7535
2026-09-23 17:45:46,1790178346798,96.2491,87.7772,-500.8051,-500.8051
2026-09-23 17:50:46,1790178646836,87.7772,87.7772,-500.5974,-500.5974
2026-09-23 17:55:46,1790178946914,87.7772,87.7772,-506.8919,-506.8919
2026-09-23 18:00:51,1790179251887,87.7772,87.7772,-518.7544,-518.7544
2026-09-23 18:05:51,1790179551906,82.5684,79.0044,-546.6496,-546.6496
2026-09-23 18:10:51,1790179851922,79.2771,79.0044,-549.2452,-549.2452
2026-09-23 18:15:51,1790180151941,87.6116,79.0044,-549.0591,-549.0591
2026-09-23 18:20:51,1790180451971,87.6116,79.0044,-556.0651,-556.0651
2026-09-23 18:25:51,1790180751986,79.0044,79.0044,-550.9044,-550.9044
2026-09-23 18:30:52,1790181052046,78.6037,71.1153,-569.7705,-573.5705
2026-09-23 18:35:57,1790181357534,81.6033,63.2644,-572.277,-573.277
2026-09-23 18:41:02,1790181662070,85.1668,63.2644,-584.9142,-584.9142
2026-09-23 18:46:02,1790181962110,70.7312,63.2644,-580.355,-584.955
2026-09-23 18:51:07,1790182267091,66.0963,56.1991,-587.0445,-591.6445
2026-09-23 18:56:07,1790182567117,70.8375,69.562,-594.9588,-594.9588
2026-09-23 19:01:07,1790182867142,76.2929,69.562,-605.9636,-605.9636
2026-09-23 19:06:07,1790183167427,82.0867,65.7473,-608.8558,-608.8558
2026-09-23 19:11:12,1790183472196,81.038,65.7473,-617.5077,-617.5077
2026-09-23 19:16:12,1790183772705,68.9515,62.2791,-628.2082,-628.2082
2026-09-23 19:21:17,1790184077262,76.2951,75.2609,-630.1815,-630.1815
2026-09-23 19:26:17,1790184377271,75.3158,75.2609,-629.6228,-629.6228
2026-09-23 19:31:17,1790184677485,81.8325,75.2609,-639.3716,-639.3716
2026-09-23 19:36:22,1790184982319,82.6234,67.4667,-637.1622,-637.1622
2026-09-23 19:41:22,1790185282369,80.6888,67.4667,-649.7223,-649.7223
2026-09-23 19:46:22,1790185582400,74.8755,67.4667,-658.9139,-658.9139
2026-09-23 19:51:22,1790185882401,94.0848,90.8966,-659.4588,-659.4588
2026-09-23 19:56:22,1790186182461,95.2348,90.8966,-660.9763,-660.9763
2026-09-23 20:01:27,1790186487425,96.6323,90.8966,-671.2395,-679.0395
2026-09-23 20:06:27,1790186787459,91.4901,86.2443,-676.8633,-676.8633
2026-09-23 20:11:27,1790187087494,88.3754,86.2443,-684.5052,-684.5052
2026-09-23 20:16:32,1790187392573,90.4159,81.7108,-684.5074,-686.3074
2026-09-23 20:21:37,1790187697543,78.5078,72.6768,-701.148,-701.148
2026-09-23 20:26:38,1790187998963,82.8537,72.6768,-691.7135,-691.7135
2026-09-23 20:31:43,1790188303974,81.376,72.6768,-690.2569,-692.0569
2026-09-23 20:36:43,1790188603976,71.8098,64.5459,-692.5383,-692.5383
2026-09-23 20:41:44,1790188904036,68.9149,64.5459,-691.5283,-691.5283
2026-09-23 20:46:44,1790189204040,72.9609,62.3101,-709.3776,-722.9776
2026-09-23 20:51:44,1790189504090,75.141,74.3626,-715.4873,-715.4873
2026-09-23 20:56:44,1790189804114,78.2427,74.3626,-717.1893,-717.1893
2026-09-23 21:01:49,1790190109119,79.2415,66.3296,-725.619,-725.619
2026-09-23 21:06:49,1790190409148,72.0913,66.3296,-723.8736,-723.8736
2026-09-23 21:11:49,1790190709482,75.795,66.3296,-728.4843,-728.4843
2026-09-23 21:16:54,1790191014213,74.112,66.3296,-731.6833,-735.2833
2026-09-23 21:21:54,1790191314225,70.2341,66.3296,-729.6136,-729.6136
2026-09-23 21:26:54,1790191614281,73.0616,73.0616,-745.7542,-745.7542
2026-09-23 21:31:54,1790191914392,73.0616,73.0616,-756.6741,-756.6741
2026-09-23 21:36:59,1790192219300,72.2132,69.4085,-748.075,-748.075
2026-09-23 21:41:59,1790192519317,67.7971,65.7628,-756.8895,-756.8895
2026-09-23 21:46:59,1790192819872,72.5386,62.126,-770.6851,-780.8851
2026-09-23 21:52:04,1790193124786,67.5257,58.4936,-771.5353,-771.5353
2026-09-23 21:57:04,1790193424978,67.8534,58.4936,-782.0234,-782.0234
2026-09-23 22:02:09,1790193729424,68.2935,53.0798,-788.7251,-806.3251
2026-09-23 22:07:09,1790194029473,75.8006,64.1611,-793.9721,-793.9721
2026-09-23 22:12:09,1790194329496,77.2646,64.1611,-789.9875,-789.9875
2026-09-23 22:17:09,1790194629577,67.3302,57.2313,-787.6596,-789.4596
2026-09-23 22:22:14,1790194934584,76.3379,70.7197,-785.1274,-785.1274
2026-09-23 22:27:19,1790195239506,70.8212,70.7197,-795.2173,-795.2173
2026-09-23 22:32:19,1790195539521,75.3742,62.9848,-802.0848,-802.0848
2026-09-23 22:37:24,1790195844581,74.1562,62.9848,-800.0507,-800.0507
2026-09-23 22:42:24,1790196144612,63.0307,62.9848,-810.9951,-810.9951
2026-09-23 22:47:29,1790196449634,70.7537,59.4683,-829.6589,-829.6589
2026-09-23 22:52:29,1790196749639,66.2627,55.9578,-824.1782,-824.1782
2026-09-23 22:57:34,1790197054625,67.9299,55.9578,-830.7565,-830.7565
2026-09-23 23:02:34,1790197354680,60.4606,49.6851,-842.9521,-842.9521
2026-09-23 23:07:34,1790197654684,65.7949,61.8305,-844.496,-844.496
2026-09-23 23:12:34,1790197954689,62.0196,61.8305,-834.8877,-834.8877
2026-09-23 23:17:34,1790198254689,67.8789,61.8305,-834.9415,-835.7415
2026-09-23 23:22:34,1790198554788,60.7438,58.739,-841.2384,-841.2384
2026-09-23 23:27:39,1790198859791,59.591,58.739,-854.73,-854.73
2026-09-23 23:32:44,1790199164778,61.6843,57.527,-856.2711,-862.2711
2026-09-23 23:37:44,1790199464783,58.7619,51.7771,-866.5676,-866.5676
2026-09-23 23:42:44,1790199764800,59.5159,51.7771,-868.0214,-868.0214
2026-09-23 23:47:44,1790200064842,57.1963,48.9065,-867.6488,-867.6488
2026-09-23 23:52:49,1790200369845,57.6516,56.8437,-878.2505,-878.2505
2026-09-23 23:57:49,1790200669864,59.4464,53.863,-888.4857,-888.4857
2026-09-24 00:02:54,1790200974912,58.2846,47.9192,-882.298,-887.098
2026-09-24 00:07:59,1790201279919,62.8259,55.8438,-900.0962,-900.0962
2026-09-24 00:13:04,1790201584931,60.2907,55.8438,-902.0954,-902.0954
2026-09-24 00:18:05,1790201885018,61.0088,49.688,-917.9548,-917.9548
2026-09-24 00:23:10,1790202190010,56.5907,54.1473,-914.1248,-914.1248
2026-09-24 00:28:14,1790202494970,54.3952,54.1473,-920.8064,-920.8064
2026-09-24 00:33:15,1790202795041,59.1542,51.1448,-929.9567,-929.9567
2026-09-24 00:38:15,1790203095052,50.5199,48.2975,-938.893,-938.893
2026-09-24 00:43:15,1790203395054,59.2784,48.2975,-941.8365,-941.8365
2026-09-24 00:48:15,1790203695064,52.6893,45.6047,-954.8322,-960.2322
2026-09-24 00:53:15,1790203995086,53.6463,52.3941,-968.1293,-968.1293
2026-09-24 00:58:15,1790204295162,52.5546,52.3941,-968.6756,-968.6756
2026-09-24 01:03:20,1790204600154,58.6531,46.6333,-984.3384,-984.3384
2026-09-24 01:08:20,1790204900155,50.1483,46.6333,-977.3121,-977.3121
2026-09-24 01:13:20,1790205200173,47.7246,46.6333,-983.4407,-983.4407
2026-09-24 01:18:20,1790205500256,51.9965,44.5493,-979.4331,-983.2331
2026-09-24 01:23:25,1790205805251,44.4452,41.947,-988.355,-988.355
2026-09-24 01:28:30,1790206110305,45.1944,41.947,-998.6951,-998.6951
2026-09-24 01:33:35,1790206415317,46.0334,39.6248,-998.8225,-1000.8225
2026-09-24 01:38:35,1790206715358,40.8365,37.5303,-1016.0543,-1016.0543
2026-09-24 01:43:35,1790207015368,42.8185,37.5303,-1016.355,-1016.355
2026-09-24 01:48:35,1790207315397,42.0033,35.4407,-1019.1903,-1020.3903
2026-09-24 01:53:35,1790207615484,42.6116,36.993,-1026.3711,-1026.3711
2026-09-24 01:58:40,1790207920375,43.1638,36.993,-1030.6501,-1030.6501
2026-09-24 02:03:40,1790208220402,41.0709,34.9445,-1045.8733,-1045.8733
2026-09-24 02:08:45,1790208525410,43.6476,41.1777,-1053.9054,-1053.9054
2026-09-24 02:13:45,1790208825452,47.7001,39.0186,-1069.0142,-1069.0142
2026-09-24 02:18:45,1790209125466,43.9812,41.9243,-1080.4641,-1080.4641
2026-09-24 02:23:45,1790209425503,48.2098,46.818,-1080.3629,-1080.3629
2026-09-24 02:28:50,1790209730512,45.1177,44.3696,-1085.9787,-1085.9787
2026-09-24 02:33:50,1790210030513,49.0032,41.9281,-1084.7033,-1084.7033
2026-09-24 02:38:50,1790210330555,48.2884,41.9281,-1096.2549,-1096.2549
2026-09-24 02:43:55,1790210635584,48.4048,39.7151,-1092.6148,-1092.6148
2026-09-24 02:48:55,1790210935591,45.4974,44.6474,-1101.6548,-1101.6548
2026-09-24 02:53:55,1790211235617,44.6974,44.6474,-1113.3537,-1113.3537
2026-09-24 02:58:55,1790211535643,42.4164,42.3125,-1112.8826,-1112.8826
2026-09-24 03:03:55,1790211835670,41.7671,39.9818,-1108.4203,-1108.4203
2026-09-24 03:08:55,1790212135678,40.5309,37.8686,-1111.245,-1111.245
2026-09-24 03:13:55,1790212435679,40.5371,37.8686,-1123.3092,-1123.3092
2026-09-24 03:18:55,1790212735776,39.5706,33.6529,-1123.7391,-1125.1391
2026-09-24 03:24:00,1790213040735,38.0431,33.6529,-1128.7195,-1128.7195
2026-09-24 03:29:00,1790213340753,36.7966,33.6529,-1130.4847,-1130.4847
2026-09-24 03:34:01,1790213641253,39.5767,34.6339,-1135.5091,-1140.1091
2026-09-24 03:39:05,1790213945812,37.2237,32.8116,-1149.5393,-1149.5393
2026-09-24 03:44:10,1790214250813,36.4232,32.8116,-1169.6577,-1169.6577
2026-09-24 03:49:15,1790214555838,35.416,29.1728,-1180.9205,-1184.1205
2026-09-24 03:54:15,1790214855886,31.9236,29.1728,-1188.0442,-1188.0442
2026-09-24 03:59:20,1790215160920,32.6743,29.1728,-1195.7821,-1195.7821
2026-09-24 04:04:25,1790215465917,32.6743,29.1728,-1192.1169,-1198.7169
2026-09-24 04:09:25,1790215765946,29.2593,27.7142,-1205.8014,-1205.8014
2026-09-24 04:14:26,1790216066004,29.216,26.256,-1206.6817,-1206.6817
2026-09-24 04:19:31,1790216371027,26.7208,23.3524,-1218.0042,-1218.0042
2026-09-24 04:24:31,1790216671079,25.6396,24.9453,-1220.1956,-1220.1956
2026-09-24 04:29:35,1790216975993,27.6949,24.9453,-1221.4061,-1221.4061
2026-09-24 04:34:36,1790217276069,27.1138,22.1787,-1232.5791,-1232.5791
2026-09-24 04:39:41,1790217581049,23.8,22.1787,-1239.9939,-1239.9939
2026-09-24 04:44:41,1790217881067,24.8302,22.1787,-1248.774,-1248.774
2026-09-24 04:49:41,1790218181119,23.7174,21.0035,-1262.8422,-1262.8422
2026-09-24 04:54:41,1790218481133,22.1388,19.8972,-1261.058,-1261.058
2026-09-24 04:59:41,1790218781143,21.2086,19.8972,-1257.2729,-1257.2729
2026-09-24 05:04:41,1790219081154,21.9307,18.7935,-1270.562,-1277.962
2026-09-24 05:09:41,1790219381194,21.5249,17.6926,-1282.6287,-1282.6287
2026-09-24 05:14:41,1790219681251,23.1055,17.6926,-1289.8978,-1289.8978
2026-09-24 05:19:46,1790219986238,18.7405,17.6926,-1296.1783,-1296.1783
2026-09-24 05:24:46,1790220286267,22.3613,20.956,-1301.0996,-1301.0996
2026-09-24 05:29:46,1790220586330,22.4183,20.956,-1300.9135,-1300.9135
2026-09-24 05:34:51,1790220891297,22.1858,18.7538,-1302.7848,-1302.7848
2026-09-24 05:39:56,1790221196332,23.5799,20.2176,-1312.8055,-1312.8055
2026-09-24 05:44:56,1790221496361,23.2386,20.2176,-1311.6151,-1311.6151
2026-09-24 05:49:56,1790221796361,21.3261,19.1002,-1314.3663,-1317.1663
2026-09-24 05:54:56,1790222096375,22.5647,20.0143,-1322.6402,-1322.6402
2026-09-24 05:59:56,1790222396383,22.7719,20.0143,-1335.3879,-1335.3879
2026-09-24 06:04:56,1790222696399,21.9749,20.6365,-1322.7663,-1322.7663
2026-09-24 06:09:56,1790222996450,21.3366,20.6365,-1331.2922,-1331.2922
2026-09-24 06:14:56,1790223296455,22.675,20.6365,-1326.2048,-1326.2048
2026-09-24 06:19:56,1790223596484,22.5109,21.6103,-1328.5831,-1328.5831
2026-09-24 06:24:56,1790223896515,22.9439,21.6103,-1341.4597,-1341.4597
2026-09-24 06:29:56,1790224196525,23.3405,21.6103,-1343.4936,-1343.4936
2026-09-24 06:35:01,1790224501955,23.3423,23.3423,-1342.6414,-1342.6414
2026-09-24 06:40:02,1790224802008,23.5971,22.1751,-1355.2431,-1355.2431
2026-09-24 06:45:02,1790225102479,23.2201,21.0111,-1361.9704,-1361.9704
2026-09-24 06:50:06,1790225406601,22.117,21.0111,-1377.1313,-1377.1313
2026-09-24 06:55:06,1790225706621,21.5881,19.9605,-1388.0953,-1388.0953
2026-09-24 07:00:07,1790226007115,20.9681,19.9605,-1387.6678,-1387.6678
2026-09-24 07:05:12,1790226312155,20.9681,19.9605,-1402.9924,-1402.9924
2026-09-24 07:10:16,1790226616673,22.5439,22.5439,-1402.4337,-1402.4337
2026-09-24 07:15:16,1790226916714,22.5439,22.5439,-1419.7134,-1419.7134
2026-09-24 07:20:16,1790227216745,22.5809,21.4167,-1400.2133,-1400.2133
2026-09-24 07:25:16,1790227516774,23.0806,20.2919,-1411.2116,-1411.2116
2026-09-24 07:30:22,1790227822251,22.4481,20.2919,-1405.9647,-1414.5647
2026-09-24 07:35:22,1790228122269,21.451,18.0497,-1417.914,-1426.514
2026-09-24 07:40:22,1790228422279,25.0273,21.2121,-1439.1191,-1439.1191
2026-09-24 07:45:22,1790228722282,23.3524,21.2121,-1431.9388,-1435.3388
2026-09-24 07:50:22,1790229022291,22.2157,18.8792,-1443.188,-1446.588
2026-09-24 07:55:22,1790229322308,22.2975,21.9392,-1455.0632,-1455.0632
2026-09-24 08:00:22,1790229622369,24.1818,21.9392,-1454.8732,-1454.8732
2026-09-24 08:05:22,1790229922372,24.8782,19.5234,-1464.7228,-1464.7228
2026-09-24 08:10:22,1790230222376,24.4181,19.5234,-1468.7396,-1468.7396
2026-09-24 08:15:22,1790230522392,21.8434,19.5234,-1469.3354,-1469.3354
2026-09-24 08:20:22,1790230822458,23.4562,21.2577,-1483.9814,-1483.9814
2026-09-24 08:25:22,1790231122941,27.3627,22.8323,-1507.4378,-1507.4378
2026-09-24 08:30:27,1790231427045,25.0843,22.8323,-1479.2406,-1487.6406
2026-09-24 08:35:27,1790231727046,25.1288,21.5781,-1482.6954,-1491.0954
2026-09-24 08:40:27,1790232027118,31.0879,26.874,-1493.6465,-1493.6465
2026-09-24 08:45:27,1790232327164,29.4934,26.874,-1508.8193,-1514.8193
2026-09-24 08:50:27,1790232627700,28.0753,26.874,-1510.5726,-1514.3726
2026-09-24 08:55:32,1790232932193,25.0565,24.1302,-1527.5121,-1527.5121
2026-09-24 09:00:32,1790233232214,26.7286,24.1302,-1527.3877,-1528.7877
2026-09-24 09:05:32,1790233532223,25.6117,22.7938,-1542.0568,-1543.4568
2026-09-24 09:10:32,1790233832244,23.2528,21.5904,-1556.8134,-1556.8134
2026-09-24 09:15:32,1790234132286,24.0184,21.5904,-1563.6605,-1563.6605
2026-09-24 09:20:32,1790234432302,20.8328,19.1907,-1566.1108,-1566.1108
2026-09-24 09:25:32,1790234732323,19.24,19.1907,-1570.094,-1570.094
2026-09-24 09:30:37,1790235037335,21.5046,19.1907,-1584.9485,-1584.9485
2026-09-24 09:35:37,1790235337389,18.1549,17.0425,-1587.6033,-1587.6033
2026-09-24 09:40:42,1790235642327,17.5378,17.0425,-1590.5618,-1590.5618
2026-09-24 09:45:42,1790235942445,19.1041,17.0425,-1599.1688,-1601.9688
2026-09-24 09:50:47,1790236247398,17.0425,17.0425,-1616.3987,-1616.3987
2026-09-24 09:55:47,1790236547434,17.0425,17.0425,-1619.127,-1619.127
2026-09-24 10:00:52,1790236852459,17.0425,17.0425,-1634.8047,-1635.6047
2026-09-24 10:05:52,1790237152499,17.0425,17.0425,-1639.1059,-1639.9059
2026-09-24 10:10:52,1790237452510,17.0425,17.0425,-1642.3933,-1642.3933
2026-09-24 10:15:57,1790237757533,17.0425,17.0425,-1632.5824,-1634.3824
2026-09-24 10:20:57,1790238057564,17.0425,17.0425,-1657.2775,-1657.2775
2026-09-24 10:26:02,1790238362545,17.0425,17.0425,-1657.3749,-1657.3749
2026-09-24 10:31:02,1790238662995,17.0425,17.0425,-1664.5727,-1664.5727
2026-09-24 10:36:07,1790238967577,17.0425,17.0425,-1675.2167,-1675.2167
2026-09-24 10:41:07,1790239267639,17.0425,17.0425,-1673.4212,-1673.4212
2026-09-24 10:46:12,1790239572648,17.0425,17.0425,-1690.2992,-1690.2992
2026-09-24 10:51:17,1790239877686,17.0425,17.0425,-1688.3305,-1688.3305
2026-09-24 10:56:22,1790240182675,17.0425,17.0425,-1691.8243,-1691.8243
2026-09-24 11:01:22,1790240482764,17.0425,17.0425,-1700.976,-1700.976
2026-09-24 11:06:22,1790240782767,17.0425,17.0425,-1699.3409,-1699.3409
2026-09-24 11:11:27,1790241087793,17.0425,17.0425,-1698.2683,-1698.2683
2026-09-24 11:16:27,1790241387793,17.0425,17.0425,-1713.5074,-1715.1074
2026-09-24 11:21:27,1790241687807,17.0425,17.0425,-1711.986,-1711.986
2026-09-24 11:26:28,1790241988335,17.0425,17.0425,-1725.8275,-1725.8275
2026-09-24 11:31:32,1790242292835,17.0425,17.0425,-1742.1775,-1743.1775
2026-09-24 11:36:32,1790242592907,17.0425,17.0425,-1744.5699,-1744.5699
2026-09-24 11:41:37,1790242897902,17.0425,17.0425,-1750.3281,-1750.3281
2026-09-24 11:46:37,1790243197977,17.0425,17.0425,-1770.63,-1772.43
2026-09-24 11:51:42,1790243502969,17.0425,17.0425,-1774.6809,-1776.4809
2026-09-24 11:56:47,1790243807954,17.0425,17.0425,-1774.1982,-1774.1982
2026-09-24 12:01:47,1790244107991,17.0425,17.0425,-1784.2159,-1786.4159
2026-09-24 12:06:48,1790244408013,17.0425,17.0425,-1783.0076,-1783.0076
2026-09-24 12:11:48,1790244708032,17.0425,17.0425,-1797.9319,-1797.9319
2026-09-24 12:16:48,1790245008070,17.0425,17.0425,-1809.441,-1809.441
2026-09-24 12:21:53,1790245313093,17.0425,17.0425,-1809.8696,-1809.8696
2026-09-24 12:26:53,1790245613119,17.0425,17.0425,-1820.6258,-1820.6258
2026-09-24 12:31:53,1790245913133,17.0425,17.0425,-1791.9658,-1795.5658
2026-09-24 12:36:53,1790246213152,17.0425,17.0425,-1793.3472,-1793.3472
2026-09-24 12:41:53,1790246513172,17.0425,17.0425,-1805.4517,-1805.4517
2026-09-24 12:46:53,1790246813222,17.0425,17.0425,-1805.2656,-1805.2656
2026-09-24 12:51:58,1790247118203,17.0425,17.0425,-1823.3231,-1823.3231
2026-09-24 12:56:58,1790247418259,17.0425,17.0425,-1823.6763,-1823.6763
2026-09-24 13:02:03,1790247723656,17.0425,17.0425,-1823.9086,-1827.7086
2026-09-24 13:07:08,1790248028244,17.0425,17.0425,-1834.5466,-1834.5466
2026-09-24 13:12:08,1790248328330,17.0425,17.0425,-1848.6975,-1848.6975
2026-09-24 13:17:13,1790248633333,17.0425,17.0425,-1852.7701,-1863.5701
2026-09-24 13:22:18,1790248938407,17.0425,17.0425,-1866.5491,-1866.5491
2026-09-24 13:27:18,1790249238423,17.0425,17.0425,-1877.1504,-1877.1504
2026-09-24 13:32:18,1790249538469,17.0425,17.0425,-1860.8234,-1874.4234
2026-09-24 13:37:23,1790249843431,17.0425,17.0425,-1892.9668,-1892.9668
2026-09-24 13:42:23,1790250143433,17.0425,17.0425,-1896.1277,-1896.1277
2026-09-24 13:47:23,1790250443455,17.0425,17.0425,-1914.0347,-1915.2347
2026-09-24 13:52:23,1790250743484,17.0425,17.0425,-1914.7995,-1914.7995
2026-09-24 13:57:23,1790251043507,17.0425,17.0425,-1917.7739,-1917.7739
2026-09-24 14:02:23,1790251343537,17.0425,17.0425,-1917.9356,-1917.9356
2026-09-24 14:07:23,1790251643572,17.0425,17.0425,-1919.0701,-1919.0701
2026-09-24 14:12:28,1790251948542,17.0425,17.0425,-1926.2281,-1926.2281
2026-09-24 14:17:28,1790252248564,17.0425,17.0425,-1915.5414,-1927.1414
2026-09-24 14:22:28,1790252548628,17.0425,17.0425,-1923.1493,-1923.1493
2026-09-24 14:27:33,1790252853600,17.0425,17.0425,-1938.8653,-1938.8653
2026-09-24 14:32:33,1790253153632,17.0425,17.0425,-1917.3572,-1926.5572
2026-09-24 14:37:33,1790253453798,17.0425,17.0425,-1936.3864,-1936.3864
2026-09-24 14:42:38,1790253758676,17.0425,17.0425,-1954.6106,-1954.6106
2026-09-24 14:47:38,1790254058712,17.0425,17.0425,-1936.0755,-1938.7355
2026-09-24 14:52:38,1790254358747,17.0425,17.0425,-1948.2439,-1948.2439
2026-09-24 14:57:43,1790254663745,17.0425,17.0425,-1954.9438,-1954.9438
2026-09-24 15:02:43,1790254963766,17.0425,17.0425,-1966.001,-1968.801
2026-09-24 15:07:48,1790255268804,17.0425,17.0425,-1966.6056,-1966.6056
2026-09-24 15:12:53,1790255573820,17.0425,17.0425,-1972.6824,-1972.6824
2026-09-24 15:17:53,1790255873837,17.0425,17.0425,-1987.9485,-1988.9485
2026-09-24 15:22:53,1790256173848,17.0425,17.0425,-1990.5827,-1990.5827
2026-09-24 15:27:53,1790256473854,17.0425,17.0425,-1994.0619,-1994.0619
2026-09-24 15:32:53,1790256773898,17.0425,17.0425,-2010.8611,-2011.6611
2026-09-24 15:37:53,1790257073904,17.0425,17.0425,-2012.9315,-2012.9315
2026-09-24 15:42:53,1790257373922,17.0425,17.0425,-2019.5062,-2019.5062
2026-09-24 15:47:53,1790257673946,17.0425,17.0425,-2019.1339,-2019.1339
2026-09-24 15:52:53,1790257973974,17.0425,17.0425,-2022.2307,-2022.2307
2026-09-24 15:57:58,1790258278962,17.0425,17.0425,-2036.1369,-2036.1369
2026-09-24 16:02:59,1790258579006,17.0425,17.0425,-2045.363,-2048.163
2026-09-24 16:07:59,1790258879068,17.0425,17.0425,-2042.6244,-2042.6244
2026-09-24 16:12:59,1790259179089,17.0425,17.0425,-2039.7561,-2039.7561
2026-09-24 16:18:04,1790259484474,17.0425,17.0425,-2053.3271,-2053.3271
2026-09-24 16:23:09,1790259789159,17.0425,17.0425,-2055.342,-2055.342
2026-09-24 16:28:14,1790260094125,17.0425,17.0425,-2062.8415,-2062.8415
2026-09-24 16:33:19,1790260399145,17.0425,17.0425,-2063.4961,-2063.4961
2026-09-24 16:38:19,1790260699225,17.0425,17.0425,-2076.228,-2076.228
2026-09-25 03:45:54,1790300754601,17.0425,17.0425,-2077.3853,-2077.3853
2026-09-25 16:43:46,1790347426585,17.0425,17.0425,-2077.7607,-2077.7607
2026-09-25 16:48:46,1790347726654,17.0425,17.0425,-2079.0582,-2093.6582
2026-09-25 16:53:50,1790348030319,17.0425,17.0425,-2117.5582,-2117.5582
2026-09-25 16:58:55,1790348335243,17.0425,17.0425,-2116.3658,-2116.3658
2026-09-25 17:03:55,1790348635282,17.0425,17.0425,-2130.4209,-2130.4209
2026-09-25 17:09:00,1790348940712,17.0425,17.0425,-2140.6591,-2140.6591
2026-09-25 17:14:00,1790349240747,17.0425,17.0425,-2142.1198,-2142.1198
2026-09-25 17:19:00,1790349540782,17.0425,17.0425,-2135.7474,-2141.7474
2026-09-25 17:24:00,1790349840806,17.0425,17.0425,-2146.8233,-2146.8233
2026-09-25 17:29:00,1790350140839,17.0425,17.0425,-2155.7861,-2155.7861
2026-09-25 17:34:05,1790350445402,17.0425,17.0425,-2160.3936,-2161.5936
2026-09-25 17:39:10,1790350750432,17.0425,17.0425,-2168.122,-2168.122
2026-09-25 17:44:10,1790351050547,17.0425,17.0425,-2169.4779,-2169.4779
2026-09-25 17:49:15,1790351355447,17.0425,17.0425,-2171.4132,-2173.2132
2026-09-25 17:54:15,1790351655464,17.0425,17.0425,-2175.9944,-2175.9944
2026-09-25 17:59:15,1790351955471,17.0425,17.0425,-2181.4056,-2181.4056
2026-09-25 18:04:15,1790352255526,17.0425,17.0425,-2191.1422,-2191.1422
2026-09-25 18:09:20,1790352560508,17.0425,17.0425,-2194.5145,-2194.5145
2026-09-25 18:14:20,1790352860565,17.0425,17.0425,-2197.2561,-2197.2561
2026-09-25 18:19:25,1790353165593,17.0425,17.0425,-2208.1945,-2209.5945
2026-09-25 18:24:25,1790353465600,17.0425,17.0425,-2218.661,-2218.661
2026-09-25 18:29:25,1790353765605,17.0425,17.0425,-2213.5371,-2213.5371
2026-09-25 18:34:25,1790354065611,17.0425,17.0425,-2222.2205,-2233.0205
2026-09-25 18:39:25,1790354365616,17.0425,17.0425,-2236.3058,-2236.3058
2026-09-25 18:44:25,1790354665715,17.0425,17.0425,-2244.3408,-2244.3408
2026-09-25 18:49:30,1790354970717,17.0425,17.0425,-2252.4584,-2255.4584
2026-09-25 18:54:35,1790355275690,17.0425,17.0425,-2259.1467,-2259.1467
2026-09-25 18:59:35,1790355575710,17.0425,17.0425,-2266.5952,-2266.5952
2026-09-25 19:04:40,1790355880733,17.0425,17.0425,-2278.4173,-2278.4173
2026-09-25 19:09:45,1790356185742,17.0425,17.0425,-2282.6571,-2282.6571
2026-09-25 19:14:45,1790356485800,17.0425,17.0425,-2282.2849,-2282.2849
2026-09-25 19:19:46,1790356786035,17.0425,17.0425,-2301.8301,-2301.8301
2026-09-25 19:24:50,1790357090836,17.0425,17.0425,-2301.5355,-2301.5355
2026-09-25 19:29:55,1790357395797,17.0425,17.0425,-2303.3619,-2303.3619
2026-09-25 19:34:55,1790357695824,17.0425,17.0425,-2325.1672,-2325.1672
2026-09-25 19:39:55,1790357995825,17.0425,17.0425,-2313.5491,-2313.5491
2026-09-25 19:44:55,1790358295840,17.0425,17.0425,-2316.2926,-2316.2926
2026-09-25 19:49:55,1790358595885,17.0425,17.0425,-2317.01,-2317.01
2026-09-25 19:54:55,1790358895924,17.0425,17.0425,-2325.2397,-2325.2397
2026-09-25 19:59:55,1790359195973,17.0425,17.0425,-2327.0483,-2327.0483
2026-09-25 20:05:00,1790359500967,17.0425,17.0425,-2333.6628,-2333.6628
2026-09-25 20:10:01,1790359801072,17.0425,17.0425,-2345.265,-2345.265
2026-09-25 20:15:01,1790360101395,17.0425,17.0425,-2345.0788,-2345.0788
2026-09-25 20:20:07,1790360407491,17.0425,17.0425,-2355.7466,-2355.7466
2026-09-25 20:25:07,1790360707576,17.0425,17.0425,-2363.7682,-2363.7682
2026-09-25 20:30:07,1790361007700,17.0425,17.0425,-2380.0234,-2382.2234
2026-09-25 20:35:11,1790361311021,17.0425,17.0425,-2390.0805,-2392.2805
2026-09-25 20:40:11,1790361611080,17.0425,17.0425,-2389.1313,-2389.1313
2026-09-25 20:45:11,1790361911093,17.0425,17.0425,-2392.0066,-2395.0066
2026-09-25 20:50:16,1790362216108,17.0425,17.0425,-2387.874,-2387.874
2026-09-25 20:55:16,1790362516109,17.0425,17.0425,-2396.1362,-2396.1362
2026-09-25 21:00:16,1790362816183,17.0425,17.0425,-2392.712,-2400.512
2026-09-25 21:05:21,1790363121166,17.0425,17.0425,-2381.7193,-2389.5193
2026-09-25 21:10:21,1790363421178,17.0425,17.0425,-2407.6422,-2407.6422
2026-09-25 21:15:21,1790363721238,17.0425,17.0425,-2403.174,-2403.174
2026-09-25 21:20:26,1790364026209,17.0425,17.0425,-2404.5862,-2404.5862
2026-09-25 21:25:26,1790364326735,17.0425,17.0425,-2410.2301,-2410.2301
2026-09-25 21:30:31,1790364631229,17.0425,17.0425,-2410.1146,-2411.3146
2026-09-25 21:35:31,1790364931232,17.0425,17.0425,-2414.7821,-2415.9821
2026-09-25 21:40:31,1790365231283,17.0425,17.0425,-2445.044,-2445.044
2026-09-25 21:45:31,1790365531295,17.0425,17.0425,-2458.2745,-2460.4745
2026-09-25 21:50:35,1790365835526,17.0425,17.0425,-2461.2699,-2462.2699
2026-09-25 21:55:35,1790366135559,17.0425,17.0425,-2458.9442,-2458.9442
2026-09-25 22:00:40,1790366440590,17.0425,17.0425,-2472.8313,-2477.4313
2026-09-25 22:05:40,1790366740656,17.0425,17.0425,-2455.4349,-2460.0349
2026-09-25 22:10:40,1790367040658,17.0425,17.0425,-2466.2247,-2466.2247
2026-09-25 22:15:45,1790367345613,17.0425,17.0425,-2466.8924,-2466.8924
2026-09-25 22:20:45,1790367645642,17.0425,17.0425,-2471.2169,-2471.2169
2026-09-25 22:25:50,1790367950688,17.0425,17.0425,-2483.681,-2483.681
2026-09-25 22:30:51,1790368251106,17.0425,17.0425,-2492.4221,-2492.4221
2026-09-25 22:35:55,1790368555708,17.0425,17.0425,-2489.8349,-2489.8349
2026-09-25 22:41:00,1790368860707,17.0425,17.0425,-2496.6646,-2496.6646
2026-09-25 22:46:00,1790369160732,17.0425,17.0425,-2501.3778,-2507.7578
2026-09-25 22:51:00,1790369460756,17.0425,17.0425,-2510.9272,-2510.9272
2026-09-25 22:56:00,1790369760758,17.0425,17.0425,-2513.5852,-2513.5852
2026-09-25 23:01:00,1790370060819,17.0425,17.0425,-2532.0766,-2532.0766
2026-09-25 23:06:05,1790370365817,17.0425,17.0425,-2530.2424,-2530.2424
2026-09-25 23:11:10,1790370670835,17.0425,17.0425,-2532.5349,-2532.5349
2026-09-25 23:16:15,1790370975829,17.0425,17.0425,-2542.6847,-2542.6847
2026-09-25 23:21:15,1790371275877,17.0425,17.0425,-2538.5611,-2538.5611
2026-09-25 23:26:15,1790371575890,17.0425,17.0425,-2560.7434,-2560.7434
2026-09-25 23:31:21,1790371881335,17.0425,17.0425,-2568.7034,-2569.9034
2026-09-25 23:36:21,1790372181369,17.0425,17.0425,-2561.5636,-2561.5636
2026-09-25 23:41:21,1790372481463,17.0425,17.0425,-2577.5956,-2577.5956
2026-09-25 23:46:25,1790372785945,17.0425,17.0425,-2593.5642,-2595.9642
2026-09-25 23:51:25,1790373085978,17.0425,17.0425,-2589.7496,-2589.7496
2026-09-25 23:56:30,1790373390964,17.0425,17.0425,-2592.6756,-2592.6756
2026-09-26 00:01:31,1790373691068,17.0425,17.0425,-2604.3521,-2612.7521
2026-09-26 00:06:36,1790373996011,17.0425,17.0425,-2604.7733,-2611.7733
2026-09-26 00:11:41,1790374301023,17.0425,17.0425,-2615.0761,-2615.0761
2026-09-26 00:16:41,1790374601027,17.0425,17.0425,-2630.325,-2630.325
2026-09-26 00:21:41,1790374901046,17.0425,17.0425,-2625.4489,-2625.4489
2026-09-26 00:26:41,1790375201075,17.0425,17.0425,-2630.7908,-2630.7908
2026-09-26 00:31:41,1790375501087,17.0425,17.0425,-2619.9149,-2625.5149
2026-09-26 00:36:41,1790375801172,17.0425,17.0425,-2634.5163,-2634.5163
2026-09-26 00:41:46,1790376106122,17.0425,17.0425,-2635.5568,-2635.5568
2026-09-26 00:46:46,1790376406625,17.0425,17.0425,-2635.5568,-2635.5568
2026-09-26 00:51:51,1790376711178,17.0425,17.0425,-2638.5056,-2638.5056
2026-09-26 00:56:51,1790377011192,17.0425,17.0425,-2659.308,-2659.308
2026-09-26 01:01:51,1790377311649,17.0425,17.0425,-2617.8577,-2619.8577
2026-09-26 01:06:56,1790377616263,17.0425,17.0425,-2624.197,-2624.197
2026-09-26 01:12:01,1790377921243,17.0425,17.0425,-2639.1713,-2639.1713
2026-09-26 01:17:01,1790378221273,17.0425,17.0425,-2633.1738,-2635.1738
2026-09-26 01:22:01,1790378521328,17.0425,17.0425,-2635.4295,-2635.4295
2026-09-26 01:27:06,1790378826297,17.0425,17.0425,-2657.8273,-2657.8273
2026-09-26 01:32:06,1790379126333,17.0425,17.0425,-2672.256,-2673.456
2026-09-26 01:37:11,1790379431415,17.0425,17.0425,-2654.8588,-2654.8588
2026-09-26 01:42:16,1790379736356,17.0425,17.0425,-2658.6215,-2658.6215
2026-09-26 01:47:16,1790380036386,17.0425,17.0425,-2664.3893,-2665.3893
2026-09-26 01:52:16,1790380336419,17.0425,17.0425,-2654.5717,-2654.5717
2026-09-26 01:57:16,1790380636434,17.0425,17.0425,-2661.7192,-2661.7192
2026-09-26 02:02:16,1790380936435,17.0425,17.0425,-2676.0969,-2680.6969
2026-09-26 02:07:16,1790381236458,17.0425,17.0425,-2675.7516,-2675.7516
2026-09-26 02:12:16,1790381536470,17.0425,17.0425,-2705.8463,-2705.8463
2026-09-26 02:17:21,1790381841471,17.0425,17.0425,-2673.3349,-2681.1349
2026-09-26 02:22:21,1790382141521,17.0425,17.0425,-2687.3861,-2687.3861
2026-09-26 02:27:21,1790382441521,17.0425,17.0425,-2688.8446,-2688.8446
2026-09-26 02:32:21,1790382741553,17.0425,17.0425,-2703.1082,-2703.1082
2026-09-26 02:37:26,1790383046539,17.0425,17.0425,-2704.1253,-2704.1253
2026-09-26 02:42:26,1790383346573,17.0425,17.0425,-2709.6399,-2709.6399
2026-09-26 02:47:26,1790383646584,17.0425,17.0425,-2703.0797,-2708.6797
2026-09-26 02:52:26,1790383946639,17.0425,17.0425,-2718.9625,-2718.9625
2026-09-26 02:57:31,1790384251651,17.0425,17.0425,-2737.3011,-2737.3011
2026-09-26 03:02:36,1790384556608,17.0425,17.0425,-2734.2851,-2736.4851
2026-09-26 03:07:36,1790384856666,17.0425,17.0425,-2739.1589,-2741.3589
2026-09-26 03:12:36,1790385156682,17.0425,17.0425,-2745.3738,-2745.3738
2026-09-26 03:17:41,1790385461669,17.0425,17.0425,-2751.5235,-2752.5235
2026-09-26 03:22:41,1790385761704,17.0425,17.0425,-2755.677,-2755.677
2026-09-26 03:27:46,1790386066702,17.0425,17.0425,-2764.4391,-2764.4391
2026-09-26 03:32:46,1790386366740,17.0425,17.0425,-2758.2151,-2762.8151
2026-09-26 03:37:46,1790386666748,17.0425,17.0425,-2765.6152,-2770.2152
2026-09-26 03:42:51,1790386971744,17.0425,17.0425,-2775.0453,-2775.0453
2026-09-26 03:47:52,1790387272194,17.0425,17.0425,-2773.0093,-2773.0093
2026-09-26 03:52:56,1790387576784,17.0425,17.0425,-2794.3215,-2794.3215
2026-09-26 03:57:56,1790387876788,17.0425,17.0425,-2795.8149,-2795.8149
2026-09-26 04:02:56,1790388176813,17.0425,17.0425,-2810.6014,-2810.6014
2026-09-26 04:07:56,1790388476818,17.0425,17.0425,-2818.6699,-2818.6699
2026-09-26 04:12:56,1790388776851,17.0425,17.0425,-2822.697,-2822.697
2026-09-26 04:18:01,1790389081870,17.0425,17.0425,-2813.9891,-2815.5891
2026-09-26 04:23:02,1790389382022,17.0425,17.0425,-2841.1218,-2841.1218
2026-09-26 04:28:06,1790389686863,17.0425,17.0425,-2816.603,-2816.603
2026-09-26 04:33:06,1790389986931,17.0425,17.0425,-2824.8744,-2827.4744
2026-09-26 04:38:11,1790390291927,17.0425,17.0425,-2841.4144,-2841.4144
2026-09-26 04:43:16,1790390596932,17.0425,17.0425,-2836.7097,-2836.7097
2026-09-26 04:48:16,1790390896934,17.0425,17.0425,-2812.5945,-2820.7945
2026-09-26 04:53:16,1790391196974,17.0425,17.0425,-2839.3356,-2839.3356
2026-09-26 04:58:21,1790391501964,17.0425,17.0425,-2827.2788,-2827.2788
2026-09-26 05:03:21,1790391801972,17.0425,17.0425,-2834.3939,-2840.1939
2026-09-26 05:08:21,1790392101999,17.0425,17.0425,-2839.4301,-2839.4301
2026-09-26 05:13:22,1790392402037,17.0425,17.0425,-2851.5619,-2851.5619
2026-09-26 05:18:22,1790392702053,17.0425,17.0425,-2856.2022,-2856.2022
2026-09-26 05:23:27,1790393007024,17.0425,17.0425,-2857.1606,-2857.1606
2026-09-26 05:28:27,1790393307107,17.0425,17.0425,-2861.0734,-2861.0734
2026-09-26 05:33:32,1790393612056,17.0425,17.0425,-2867.4363,-2868.4363
2026-09-26 05:38:32,1790393912079,17.0425,17.0425,-2869.4844,-2869.4844
2026-09-26 05:43:32,1790394212097,17.0425,17.0425,-2877.8701,-2877.8701
2026-09-26 05:48:32,1790394512624,17.0425,17.0425,-2877.1296,-2877.1296
2026-09-26 05:53:37,1790394817148,17.0425,17.0425,-2900.2502,-2900.2502
2026-09-26 05:58:37,1790395117169,17.0425,17.0425,-2897.178,-2897.178
2026-09-26 06:03:37,1790395417199,17.0425,17.0425,-2898.3156,-2900.3156
2026-09-26 06:08:42,1790395722210,17.0425,17.0425,-2903.1557,-2903.1557
2026-09-26 06:13:47,1790396027197,17.0425,17.0425,-2903.816,-2903.816
2026-09-26 06:18:47,1790396327204,17.0425,17.0425,-2907.1436,-2907.1436
2026-09-26 06:23:47,1790396627225,17.0425,17.0425,-2917.6105,-2917.6105
2026-09-26 06:28:47,1790396927249,17.0425,17.0425,-2924.2341,-2924.2341
2026-09-26 06:33:47,1790397227283,17.0425,17.0425,-2927.7648,-2927.7648
2026-09-26 06:38:47,1790397527297,17.0425,17.0425,-2931.711,-2931.711
2026-09-26 06:43:52,1790397832291,17.0425,17.0425,-2938.1004,-2938.1004
2026-09-26 06:48:52,1790398132689,17.0425,17.0425,-2944.623,-2945.623
2026-09-26 06:53:57,1790398437302,17.0425,17.0425,-2940.0201,-2940.0201
2026-09-26 06:58:57,1790398737332,17.0425,17.0425,-2955.5448,-2955.5448
2026-09-26 07:03:57,1790399037355,17.0425,17.0425,-2951.5587,-2955.3587
2026-09-26 07:08:57,1790399337359,17.0425,17.0425,-2964.3018,-2964.3018
2026-09-26 07:13:57,1790399637377,17.0425,17.0425,-2969.3855,-2969.3855
2026-09-26 07:19:02,1790399942426,17.0425,17.0425,-2982.2327,-2985.2327
2026-09-26 07:24:07,1790400247443,17.0425,17.0425,-2991.2158,-2991.2158
2026-09-26 07:29:12,1790400552452,17.0425,17.0425,-2994.5506,-2994.5506
2026-09-26 07:34:17,1790400857415,17.0425,17.0425,-2997.7304,-3000.1304
2026-09-26 07:39:17,1790401157427,17.0425,17.0425,-3020.727,-3020.727
2026-09-26 07:44:17,1790401457505,17.0425,17.0425,-3027.4727,-3027.4727
2026-09-26 07:49:22,1790401762521,17.0425,17.0425,-3026.5942,-3026.5942
2026-09-26 07:54:27,1790402067484,17.0425,17.0425,-3033.4855,-3033.4855
2026-09-26 07:59:32,1790402372534,17.0425,17.0425,-3035.4566,-3035.4566
2026-09-26 08:04:32,1790402672534,17.0425,17.0425,-3045.4573,-3045.4573
2026-09-26 08:09:32,1790402972539,17.0425,17.0425,-3071.4289,-3071.4289
2026-09-26 08:14:32,1790403272614,17.0425,17.0425,-3054.4652,-3054.4652
2026-09-26 08:19:37,1790403577577,17.0425,17.0425,-3075.0561,-3080.0561
2026-09-26 08:24:37,1790403877609,17.0425,17.0425,-3070.6188,-3070.6188
2026-09-26 08:29:42,1790404182586,17.0425,17.0425,-3070.0593,-3070.0593
2026-09-26 08:34:42,1790404482643,17.0425,17.0425,-3089.0015,-3089.0015
2026-09-26 08:39:47,1790404787638,17.0425,17.0425,-3088.392,-3088.392
2026-09-26 08:44:47,1790405087658,17.0425,17.0425,-3089.8241,-3089.8241
2026-09-26 08:49:47,1790405387676,17.0425,17.0425,-3100.6679,-3100.6679
2026-09-26 08:54:47,1790405687686,17.0425,17.0425,-3099.6971,-3099.6971
2026-09-26 08:59:47,1790405987690,17.0425,17.0425,-3094.201,-3094.201
2026-09-26 09:04:47,1790406287708,17.0425,17.0425,-3108.0865,-3108.0865
2026-09-26 09:09:47,1790406587726,17.0425,17.0425,-3110.4716,-3110.4716
2026-09-26 09:14:47,1790406887761,17.0425,17.0425,-3111.6986,-3111.6986
2026-09-26 09:19:52,1790407192968,17.0425,17.0425,-3130.9794,-3130.9794
2026-09-26 09:24:57,1790407497785,17.0425,17.0425,-3119.2258,-3119.2258
2026-09-26 09:29:57,1790407797805,17.0425,17.0425,-3122.3018,-3122.3018
2026-09-26 09:35:03,1790408103530,17.0425,17.0425,-3124.1363,-3124.1363
2026-09-26 09:40:03,1790408403565,17.0425,17.0425,-3127.6476,-3127.6476
2026-09-26 09:45:04,1790408704164,17.0425,17.0425,-3124.3621,-3125.7621
2026-09-26 09:50:07,1790409007817,17.0425,17.0425,-3130.7209,-3132.1209
2026-09-26 09:55:07,1790409307863,17.0425,17.0425,-3128.0857,-3128.0857
2026-09-26 10:00:07,1790409607914,17.0425,17.0425,-3131.5442,-3131.5442
2026-09-26 10:05:12,1790409912931,17.0425,17.0425,-3133.2646,-3133.2646
2026-09-26 10:10:12,1790410212969,17.0425,17.0425,-3134.561,-3134.561
2026-09-26 10:15:13,1790410513008,17.0425,17.0425,-3135.3815,-3135.3815
2026-09-26 10:20:18,1790410818054,17.0425,17.0425,-3149.385,-3149.385
2026-09-26 10:25:22,1790411122979,17.0425,17.0425,-3157.2981,-3157.2981
2026-09-26 10:30:27,1790411427975,17.0425,17.0425,-3126.7304,-3130.7304
2026-09-26 10:35:27,1790411727984,17.0425,17.0425,-3141.1636,-3145.1636
2026-09-26 10:40:28,1790412028049,17.0425,17.0425,-3145.6972,-3145.6972
2026-09-26 10:45:33,1790412333006,17.0425,17.0425,-3147.9573,-3147.9573
2026-09-26 10:50:33,1790412633060,17.0425,17.0425,-3152.3498,-3152.3498
2026-09-26 10:55:33,1790412933072,17.0425,17.0425,-3156.3817,-3156.3817
2026-09-26 11:00:33,1790413233124,17.0425,17.0425,-3156.3817,-3156.3817
2026-09-26 11:05:38,1790413538079,17.0425,17.0425,-3163.7002,-3163.7002
2026-09-26 11:10:38,1790413838116,17.0425,17.0425,-3169.6545,-3169.6545
2026-09-26 11:15:38,1790414138143,17.0425,17.0425,-3188.354,-3188.354
2026-09-26 11:20:38,1790414438152,17.0425,17.0425,-3180.0681,-3180.0681
2026-09-26 11:25:38,1790414738199,17.0425,17.0425,-3170.6782,-3170.6782
2026-09-26 11:30:38,1790415038207,17.0425,17.0425,-3175.606,-3181.006
2026-09-26 11:35:38,1790415338238,17.0425,17.0425,-3181.3651,-3184.5651
2026-09-26 11:40:38,1790415638269,17.0425,17.0425,-3193.8181,-3193.8181
2026-09-26 11:45:38,1790415938279,17.0425,17.0425,-3202.8124,-3205.4124
2026-09-26 11:50:38,1790416238303,17.0425,17.0425,-3201.3458,-3201.3458
2026-09-26 11:55:38,1790416538326,17.0425,17.0425,-3205.6604,-3205.6604
2026-09-26 12:00:38,1790416838343,17.0425,17.0425,-3199.8821,-3210.4821
2026-09-26 12:05:38,1790417138404,17.0425,17.0425,-3224.1042,-3224.1042
2026-09-26 12:10:38,1790417438428,17.0425,17.0425,-3226.1268,-3226.1268
2026-09-26 12:15:43,1790417743424,17.0425,17.0425,-3226.1268,-3226.1268
2026-09-26 12:20:43,1790418043450,17.0425,17.0425,-3234.4123,-3234.4123
2026-09-26 12:25:43,1790418343473,17.0425,17.0425,-3242.4367,-3242.4367
2026-09-26 12:30:43,1790418643482,17.0425,17.0425,-3235.8592,-3242.4592
2026-09-26 12:35:43,1790418943500,17.0425,17.0425,-3251.8527,-3251.8527
2026-09-26 12:40:43,1790419243642,17.0425,17.0425,-3238.0684,-3238.0684
2026-09-26 12:45:48,1790419548596,17.0425,17.0425,-3239.7535,-3246.9535
2026-09-26 12:50:53,1790419853639,17.0425,17.0425,-3243.3565,-3243.3565
2026-09-26 12:55:58,1790420158615,17.0425,17.0425,-3250.1131,-3250.1131
2026-09-26 13:00:58,1790420458642,17.0425,17.0425,-3253.8293,-3259.4293
2026-09-26 13:05:58,1790420758643,17.0425,17.0425,-3275.5173,-3275.5173
2026-09-26 13:10:58,1790421058729,17.0425,17.0425,-3276.6879,-3276.6879
2026-09-26 13:16:03,1790421363713,17.0425,17.0425,-3273.1624,-3282.9624
2026-09-26 13:21:03,1790421663733,17.0425,17.0425,-3300.3399,-3300.3399
2026-09-26 13:26:03,1790421963733,17.0425,17.0425,-3293.2411,-3293.2411
2026-09-26 13:31:03,1790422263740,17.0425,17.0425,-3303.1435,-3305.1435
2026-09-26 13:36:03,1790422563808,17.0425,17.0425,-3311.6347,-3311.6347
2026-09-26 13:41:08,1790422868824,17.0425,17.0425,-3321.6746,-3321.6746
2026-09-26 13:46:08,1790423168832,17.0425,17.0425,-3321.216,-3322.016
2026-09-26 13:51:08,1790423468858,17.0425,17.0425,-3323.8159,-3323.8159
2026-09-26 13:56:08,1790423768897,17.0425,17.0425,-3322.8811,-3322.8811
2026-09-26 14:01:08,1790424068921,17.0425,17.0425,-3328.1813,-3335.3813
2026-09-26 14:06:08,1790424368933,17.0425,17.0425,-3359.5214,-3359.5214
2026-09-26 14:11:08,1790424668939,17.0425,17.0425,-3347.585,-3347.585
2026-09-26 14:16:08,1790424968974,17.0425,17.0425,-3368.9884,-3369.7884
2026-09-26 14:21:08,1790425268985,17.0425,17.0425,-3374.102,-3374.102
2026-09-26 14:26:09,1790425569008,17.0425,17.0425,-3366.1014,-3366.1014
2026-09-26 14:31:09,1790425869032,17.0425,17.0425,-3381.5592,-3381.5592
2026-09-26 14:36:09,1790426169063,17.0425,17.0425,-3375.348,-3375.348
2026-09-26 14:41:09,1790426469219,17.0425,17.0425,-3392.0994,-3392.0994
2026-09-26 14:46:14,1790426774151,17.0425,17.0425,-3398.4128,-3398.4128
2026-09-26 14:51:14,1790427074248,17.0425,17.0425,-3398.7221,-3398.7221
2026-09-26 14:56:19,1790427379171,17.0425,17.0425,-3404.6998,-3404.6998
2026-09-26 15:01:25,1790427685115,17.0425,17.0425,-3429.5183,-3429.5183
2026-09-26 15:06:29,1790427989203,17.0425,17.0425,-3435.6945,-3435.6945
2026-09-26 15:11:29,1790428289221,17.0425,17.0425,-3430.7547,-3430.7547
2026-09-26 15:16:29,1790428589286,17.0425,17.0425,-3447.3427,-3449.5427
2026-09-26 15:21:29,1790428889290,17.0425,17.0425,-3438.2305,-3438.2305
2026-09-26 15:26:29,1790429189310,17.0425,17.0425,-3448.327,-3448.327
2026-09-26 15:31:34,1790429494301,17.0425,17.0425,-3465.4365,-3465.4365
2026-09-26 15:36:34,1790429794375,17.0425,17.0425,-3462.2334,-3462.2334
2026-09-26 15:41:34,1790430094379,17.0425,17.0425,-3474.0252,-3474.0252
2026-09-26 15:46:34,1790430394400,17.0425,17.0425,-3458.158,-3458.158
2026-09-26 15:51:39,1790430699406,17.0425,17.0425,-3472.3955,-3472.3955
2026-09-26 15:56:39,1790430999436,17.0425,17.0425,-3472.5256,-3472.5256
2026-09-26 16:01:39,1790431299466,17.0425,17.0425,-3487.1129,-3487.1129
2026-09-26 16:06:39,1790431599526,17.0425,17.0425,-3478.0193,-3478.0193
2026-09-26 16:11:39,1790431899542,17.0425,17.0425,-3483.3458,-3483.3458
2026-09-26 16:16:44,1790432204543,17.0425,17.0425,-3477.6384,-3486.2384
2026-09-26 16:21:44,1790432504566,17.0425,17.0425,-3496.3523,-3504.9523
2026-09-26 16:26:44,1790432804596,17.0425,17.0425,-3496.1774,-3496.1774
2026-09-26 16:31:49,1790433109591,17.0425,17.0425,-3515.8323,-3517.6323
2026-09-26 16:36:49,1790433409602,17.0425,17.0425,-3513.3303,-3515.1303
2026-09-26 16:41:49,1790433709640,17.0425,17.0425,-3517.0225,-3517.0225
2026-09-26 16:46:49,1790434009666,17.0425,17.0425,-3504.3607,-3504.9607
2026-09-26 16:51:49,1790434309755,17.0425,17.0425,-3506.7046,-3507.3046
2026-09-26 16:56:54,1790434614745,17.0425,17.0425,-3512.7387,-3512.7387
2026-09-26 17:01:55,1790434915168,17.0425,17.0425,-3517.5122,-3524.9122
2026-09-26 17:06:59,1790435219775,17.0425,17.0425,-3520.841,-3520.841
2026-09-26 17:12:04,1790435524782,17.0425,17.0425,-3513.1022,-3513.1022
2026-09-26 17:17:04,1790435824838,17.0425,17.0425,-3521.9882,-3526.5882
2026-09-26 17:22:04,1790436124840,17.0425,17.0425,-3523.7773,-3524.9773
2026-09-26 17:27:04,1790436424923,17.0425,17.0425,-3529.096,-3529.096
2026-09-26 17:32:09,1790436729921,17.0425,17.0425,-3549.3788,-3549.3788
2026-09-26 17:37:09,1790437029995,17.0425,17.0425,-3550.6457,-3550.6457
2026-09-26 17:42:15,1790437335041,17.0425,17.0425,-3553.2897,-3553.2897
2026-09-26 17:47:19,1790437639972,17.0425,17.0425,-3560.2248,-3562.4248
2026-09-26 17:52:20,1790437940032,17.0425,17.0425,-3563.407,-3563.407
2026-09-26 17:57:24,1790438244992,17.0425,17.0425,-3555.681,-3555.681
2026-09-26 18:02:25,1790438545130,17.0425,17.0425,-3564.484,-3571.684
2026-09-26 18:07:30,1790438850056,17.0425,17.0425,-3569.9589,-3569.9589
2026-09-26 18:12:30,1790439150070,17.0425,17.0425,-3576.9445,-3576.9445
2026-09-26 18:17:30,1790439450087,17.0425,17.0425,-3577.0214,-3577.0214
2026-09-26 18:22:30,1790439750102,17.0425,17.0425,-3588.4876,-3588.4876
2026-09-26 18:27:30,1790440050107,17.0425,17.0425,-3595.8006,-3595.8006
2026-09-26 18:32:30,1790440350210,17.0425,17.0425,-3607.7856,-3608.7856
2026-09-26 18:37:35,1790440655179,17.0425,17.0425,-3605.9818,-3605.9818
2026-09-26 18:42:35,1790440955236,17.0425,17.0425,-3610.0095,-3610.0095
2026-09-26 18:47:35,1790441255270,17.0425,17.0425,-3629.1983,-3629.1983
2026-09-26 18:52:35,1790441555290,17.0425,17.0425,-3615.5426,-3615.5426
2026-09-26 18:57:35,1790441855333,17.0425,17.0425,-3622.2586,-3622.2586
2026-09-26 19:02:40,1790442160313,17.0425,17.0425,-3620.9355,-3621.5355
2026-09-26 19:07:40,1790442460327,17.0425,17.0425,-3638.9733,-3638.9733
2026-09-26 19:12:40,1790442760367,17.0425,17.0425,-3640.7311,-3640.7311
2026-09-26 19:17:40,1790443060417,17.0425,17.0425,-3652.1441,-3653.1441
2026-09-26 19:22:45,1790443365504,17.0425,17.0425,-3639.1795,-3639.1795
2026-09-26 19:27:50,1790443670461,17.0425,17.0425,-3655.3193,-3655.3193
2026-09-26 19:32:55,1790443975879,17.0425,17.0425,-3635.8544,-3638.8544
2026-09-26 19:38:00,1790444280474,17.0425,17.0425,-3647.8746,-3647.8746
2026-09-26 19:43:00,1790444580544,17.0425,17.0425,-3639.0545,-3639.0545
2026-09-26 19:48:00,1790444880562,17.0425,17.0425,-3649.3451,-3654.5451
2026-09-26 19:53:00,1790445180566,17.0425,17.0425,-3665.6753,-3665.6753
2026-09-26 19:58:00,1790445480606,17.0425,17.0425,-3657.6164,-3657.6164
2026-09-26 20:03:03,1790445783916,17.0425,17.0425,-3673.6231,-3673.6231
2026-09-26 20:08:03,1790446083966,17.0425,17.0425,-3673.8156,-3673.8156
2026-09-26 20:13:03,1790446383969,17.0425,17.0425,-3670.922,-3670.922
2026-09-26 20:18:04,1790446684002,17.0425,17.0425,-3680.4575,-3680.4575
2026-09-26 20:23:09,1790446989076,17.0425,17.0425,-3677.3352,-3677.3352
2026-09-26 20:28:14,1790447294008,17.0425,17.0425,-3682.5253,-3682.5253
2026-09-26 20:33:14,1790447594018,17.0425,17.0425,-3691.3685,-3691.3685
2026-09-26 20:38:14,1790447894088,17.0425,17.0425,-3693.5523,-3693.5523
2026-09-26 20:43:14,1790448194088,17.0425,17.0425,-3689.1033,-3689.1033
2026-09-26 20:48:14,1790448494866,17.0425,17.0425,-3703.3316,-3703.3316
2026-09-26 20:53:19,1790448799144,17.0425,17.0425,-3698.9887,-3698.9887
2026-09-26 20:58:24,1790449104171,17.0425,17.0425,-3704.8163,-3704.8163
2026-09-26 21:03:24,1790449404188,17.0425,17.0425,-3711.9419,-3711.9419
2026-09-26 21:08:29,1790449709202,17.0425,17.0425,-3718.8824,-3718.8824
2026-09-26 21:13:29,1790450009209,17.0425,17.0425,-3722.9726,-3722.9726
2026-09-26 21:18:29,1790450309237,17.0425,17.0425,-3721.7726,-3722.9726
2026-09-26 21:23:29,1790450609280,17.0425,17.0425,-3733.526,-3733.526
2026-09-26 21:28:29,1790450909287,17.0425,17.0425,-3734.4178,-3734.4178
2026-09-26 21:33:29,1790451209345,17.0425,17.0425,-3734.7781,-3736.7781
2026-09-26 21:38:29,1790451509347,17.0425,17.0425,-3754.4109,-3754.4109
2026-09-26 21:43:29,1790451809413,17.0425,17.0425,-3755.7879,-3755.7879
2026-09-26 21:48:34,1790452114419,17.0425,17.0425,-3771.4477,-3771.4477
2026-09-26 21:53:34,1790452414423,17.0425,17.0425,-3764.2949,-3764.2949
2026-09-26 21:58:34,1790452714446,17.0425,17.0425,-3775.5208,-3775.5208
2026-09-26 22:03:34,1790453014473,17.0425,17.0425,-3798.0141,-3798.0141
2026-09-26 22:08:34,1790453314583,17.0425,17.0425,-3780.184,-3780.184
2026-09-26 22:13:34,1790453614946,17.0425,17.0425,-3805.6709,-3805.6709
2026-09-26 22:18:39,1790453919522,17.0425,17.0425,-3820.5098,-3821.5098
2026-09-26 22:23:39,1790454219571,17.0425,17.0425,-3817.4741,-3817.4741
2026-09-26 22:28:39,1790454519587,17.0425,17.0425,-3820.0511,-3820.0511
2026-09-26 22:33:39,1790454819610,17.0425,17.0425,-3817.6861,-3817.6861
2026-09-26 22:38:44,1790455124645,17.0425,17.0425,-3835.3809,-3835.3809
2026-09-26 22:43:49,1790455429665,17.0425,17.0425,-3835.1115,-3835.1115
2026-09-26 22:48:54,1790455734696,17.0425,17.0425,-3836.8725,-3836.8725
2026-09-26 22:53:54,1790456034722,17.0425,17.0425,-3850.1795,-3850.1795
2026-09-26 22:58:54,1790456334790,17.0425,17.0425,-3850.0592,-3850.0592
2026-09-26 23:04:00,1790456640142,17.0425,17.0425,-3851.5301,-3851.5301
2026-09-26 23:09:04,1790456944746,17.0425,17.0425,-3863.5315,-3863.5315
2026-09-26 23:14:04,1790457244803,17.0425,17.0425,-3866.852,-3866.852
2026-09-26 23:19:04,1790457544825,17.0425,17.0425,-3869.2069,-3871.0069
2026-09-26 23:24:04,1790457844849,17.0425,17.0425,-3879.4304,-3879.4304
2026-09-26 23:29:09,1790458149932,17.0425,17.0425,-3889.6221,-3889.6221
2026-09-26 23:34:09,1790458449959,17.0425,17.0425,-3891.6715,-3891.6715
2026-09-26 23:39:14,1790458754948,17.0425,17.0425,-3897.2028,-3897.2028
2026-09-26 23:44:15,1790459055026,17.0425,17.0425,-3904.2041,-3904.2041
2026-09-26 23:49:19,1790459359961,17.0425,17.0425,-3899.6218,-3904.6218
2026-09-26 23:54:24,1790459664962,17.0425,17.0425,-3913.5001,-3913.5001
2026-09-26 23:59:29,1790459969986,17.0425,17.0425,-3920.6746,-3920.6746
2026-09-27 00:04:29,1790460269989,17.0425,17.0425,-3935.9712,-3939.7712
2026-09-27 00:09:30,1790460570076,17.0425,17.0425,-3941.6057,-3941.6057
2026-09-27 00:14:35,1790460875044,17.0425,17.0425,-3944.0544,-3944.0544
2026-09-27 00:19:35,1790461175099,17.0425,17.0425,-3961.0918,-3961.0918
2026-09-27 00:24:40,1790461480100,17.0425,17.0425,-3981.2722,-3981.2722
2026-09-27 00:29:40,1790461780124,17.0425,17.0425,-3956.3897,-3956.3897
2026-09-27 00:34:40,1790462080145,17.0425,17.0425,-3955.5644,-3962.7644
2026-09-27 00:39:40,1790462380168,17.0425,17.0425,-3970.2677,-3970.2677
2026-09-27 00:44:40,1790462680190,17.0425,17.0425,-3970.9354,-3970.9354
2026-09-27 00:49:40,1790462980227,17.0425,17.0425,-3979.2055,-3979.2055
2026-09-27 00:54:45,1790463285234,17.0425,17.0425,-3995.2473,-3995.2473
2026-09-27 00:59:45,1790463585289,17.0425,17.0425,-3990.9255,-3990.9255
2026-09-27 01:04:50,1790463890295,17.0425,17.0425,-3996.4658,-3999.2658
2026-09-27 01:09:50,1790464190298,17.0425,17.0425,-3998.2487,-3998.2487
2026-09-27 01:14:50,1790464490319,17.0425,17.0425,-4000.2974,-4000.2974
2026-09-27 01:19:50,1790464790346,17.0425,17.0425,-4018.2182,-4018.2182
2026-09-27 01:24:50,1790465090385,17.0425,17.0425,-4020.547,-4020.547
2026-09-27 01:29:55,1790465395411,17.0425,17.0425,-4007.0141,-4007.0141
2026-09-27 01:34:55,1790465695449,17.0425,17.0425,-4019.9286,-4021.3286
2026-09-27 01:39:55,1790465995501,17.0425,17.0425,-4024.4169,-4024.4169
2026-09-27 01:45:00,1790466300440,17.0425,17.0425,-4031.3765,-4031.3765
2026-09-27 01:50:00,1790466600678,17.0425,17.0425,-4040.1508,-4041.7508
2026-09-27 01:55:06,1790466906032,17.0425,17.0425,-4046.8724,-4046.8724
2026-09-27 02:00:08,1790467208981,17.0425,17.0425,-4047.1652,-4047.9652
2026-09-27 02:05:10,1790467510548,17.0425,17.0425,-4058.4536,-4058.4536
2026-09-27 02:10:10,1790467810582,17.0425,17.0425,-4063.9013,-4063.9013
2026-09-27 02:15:10,1790468110593,17.0425,17.0425,-4063.7151,-4063.7151
2026-09-27 02:20:15,1790468415648,17.0425,17.0425,-4075.4126,-4075.4126
2026-09-27 02:25:15,1790468715665,17.0425,17.0425,-4076.5736,-4076.5736
2026-09-27 02:30:15,1790469015674,17.0425,17.0425,-4066.2907,-4072.2907
2026-09-27 02:35:15,1790469315712,17.0425,17.0425,-4079.3142,-4079.3142
2026-09-27 02:40:15,1790469615726,17.0425,17.0425,-4082.9893,-4082.9893
2026-09-27 02:45:15,1790469915751,17.0425,17.0425,-4082.9893,-4082.9893
2026-09-27 02:50:15,1790470215792,17.0425,17.0425,-4089.576,-4089.576
2026-09-27 02:55:15,1790470515793,17.0425,17.0425,-4094.9963,-4094.9963
2026-09-27 03:00:20,1790470820776,17.0425,17.0425,-4106.2212,-4106.2212
2026-09-27 03:05:20,1790471120827,17.0425,17.0425,-4099.419,-4099.419
2026-09-27 03:10:20,1790471420838,17.0425,17.0425,-4113.6048,-4113.6048
2026-09-27 03:15:25,1790471725848,17.0425,17.0425,-4110.545,-4112.545
2026-09-27 03:20:25,1790472025906,17.0425,17.0425,-4114.7901,-4114.7901
2026-09-27 03:25:28,1790472328377,17.0425,17.0425,-4120.2817,-4120.2817
2026-09-27 03:30:28,1790472628403,17.0425,17.0425,-4119.7813,-4123.5813
2026-09-27 03:35:28,1790472928461,17.0425,17.0425,-4117.9553,-4117.9553
2026-09-27 03:40:33,1790473233441,17.0425,17.0425,-4138.3445,-4138.3445
2026-09-27 03:45:33,1790473533465,17.0425,17.0425,-4143.6892,-4143.6892
2026-09-27 03:50:33,1790473833484,17.0425,17.0425,-4143.7375,-4143.7375
2026-09-27 03:55:33,1790474133826,17.0425,17.0425,-4147.8654,-4147.8654
2026-09-27 04:00:38,1790474438535,17.0425,17.0425,-4147.8654,-4147.8654
2026-09-27 04:05:38,1790474738549,17.0425,17.0425,-4151.4013,-4151.4013
2026-09-27 04:10:38,1790475038633,17.0425,17.0425,-4163.8013,-4163.8013
2026-09-27 04:15:38,1790475338633,17.0425,17.0425,-4172.6981,-4175.2981
2026-09-27 04:20:38,1790475638640,17.0425,17.0425,-4180.0856,-4182.6856
2026-09-27 04:25:38,1790475938659,17.0425,17.0425,-4187.8078,-4187.8078
2026-09-27 04:30:38,1790476238679,17.0425,17.0425,-4191.2716,-4191.2716
2026-09-27 04:35:38,1790476538684,17.0425,17.0425,-4195.2875,-4195.2875
2026-09-27 04:40:38,1790476838734,17.0425,17.0425,-4204.7179,-4204.7179
2026-09-27 04:45:44,1790477144185,17.0425,17.0425,-4204.3708,-4205.1708
2026-09-27 04:50:44,1790477444207,17.0425,17.0425,-4216.2334,-4217.0334
2026-09-27 04:55:44,1790477744212,17.0425,17.0425,-4215.6581,-4215.6581
2026-09-27 05:00:44,1790478044232,17.0425,17.0425,-4218.4375,-4218.4375
2026-09-27 05:05:44,1790478344262,17.0425,17.0425,-4227.705,-4227.705
2026-09-27 05:10:44,1790478644316,17.0425,17.0425,-4231.0536,-4231.0536
2026-09-27 05:15:44,1790478944317,17.0425,17.0425,-4242.7612,-4243.9612
2026-09-27 05:20:44,1790479244321,17.0425,17.0425,-4247.9139,-4249.1139
2026-09-27 05:25:44,1790479544376,17.0425,17.0425,-4250.2119,-4250.2119
2026-09-27 05:30:44,1790479844389,17.0425,17.0425,-4257.5304,-4257.5304
2026-09-27 05:35:44,1790480144411,17.0425,17.0425,-4257.6258,-4257.6258
2026-09-27 05:40:44,1790480444458,17.0425,17.0425,-4267.8186,-4267.8186
2026-09-27 05:45:44,1790480744476,17.0425,17.0425,-4268.8908,-4273.6908
2026-09-27 05:50:44,1790481044487,17.0425,17.0425,-4273.884,-4277.684
2026-09-27 05:55:49,1790481349120,17.0425,17.0425,-4282.6725,-4282.6725
2026-09-27 06:00:49,1790481649130,17.0425,17.0425,-4287.0568,-4288.8568
2026-09-27 06:05:49,1790481949137,17.0425,17.0425,-4268.0868,-4268.0868
2026-09-27 06:10:49,1790482249172,17.0425,17.0425,-4289.7799,-4289.7799
2026-09-27 06:15:49,1790482549180,17.0425,17.0425,-4299.6382,-4300.8382
2026-09-27 06:20:49,1790482849180,17.0425,17.0425,-4304.1258,-4304.1258
2026-09-27 06:25:49,1790483149196,17.0425,17.0425,-4309.0709,-4309.0709
2026-09-27 06:30:49,1790483449240,17.0425,17.0425,-4309.6014,-4309.6014
2026-09-27 06:35:49,1790483749266,17.0425,17.0425,-4315.8789,-4315.8789
2026-09-27 06:40:49,1790484049293,17.0425,17.0425,-4318.672,-4318.672
2026-09-27 06:45:49,1790484349297,17.0425,17.0425,-4318.672,-4318.672
2026-09-27 06:50:49,1790484649332,17.0425,17.0425,-4323.6812,-4323.6812
2026-09-27 06:55:49,1790484949376,17.0425,17.0425,-4332.0645,-4332.0645
2026-09-27 07:00:49,1790485249402,17.0425,17.0425,-4337.4758,-4337.4758
2026-09-27 07:05:49,1790485549409,17.0425,17.0425,-4346.2504,-4346.2504
2026-09-27 07:10:49,1790485849539,17.0425,17.0425,-4351.3811,-4351.3811
2026-09-27 07:15:54,1790486154531,17.0425,17.0425,-4352.0913,-4352.0913
2026-09-27 07:20:54,1790486454548,17.0425,17.0425,-4350.4697,-4350.4697
2026-09-27 07:25:54,1790486754548,17.0425,17.0425,-4358.7512,-4358.7512
2026-09-27 07:30:54,1790487054554,17.0425,17.0425,-4378.4767,-4379.4767
2026-09-27 07:35:54,1790487354583,17.0425,17.0425,-4373.1235,-4373.1235
2026-09-27 07:40:54,1790487654648,17.0425,17.0425,-4372.5648,-4372.5648
2026-09-27 07:45:59,1790487959594,17.0425,17.0425,-4372.5648,-4372.5648
2026-09-27 07:50:59,1790488259596,17.0425,17.0425,-4380.0644,-4380.0644
2026-09-27 07:55:59,1790488559643,17.0425,17.0425,-4382.4233,-4382.4233
2026-09-27 08:00:59,1790488859664,17.0425,17.0425,-4389.5701,-4390.9701
2026-09-27 08:05:59,1790489159677,17.0425,17.0425,-4394.8279,-4394.8279
2026-09-27 08:10:59,1790489459691,17.0425,17.0425,-4403.2317,-4403.2317
2026-09-27 08:15:59,1790489759735,17.0425,17.0425,-4403.0456,-4403.0456
2026-09-27 08:20:59,1790490059741,17.0425,17.0425,-4412.0149,-4412.0149
2026-09-27 08:25:59,1790490359788,17.0425,17.0425,-4417.7339,-4417.7339
2026-09-27 08:31:05,1790490665177,17.0425,17.0425,-4412.0508,-4414.6508
2026-09-27 08:36:09,1790490969852,17.0425,17.0425,-4421.507,-4421.507
2026-09-27 08:41:09,1790491269922,17.0425,17.0425,-4426.2425,-4426.2425
2026-09-27 08:46:09,1790491569946,17.0425,17.0425,-4426.9101,-4426.9101
2026-09-27 08:51:10,1790491870464,17.0425,17.0425,-4447.1649,-4447.1649
2026-09-27 08:56:15,1790492175357,17.0425,17.0425,-4429.4154,-4429.4154
2026-09-27 09:01:15,1790492475385,17.0425,17.0425,-4455.5343,-4459.5343
2026-09-27 09:06:15,1790492775421,17.0425,17.0425,-4455.321,-4455.321
2026-09-27 09:11:15,1790493075437,17.0425,17.0425,-4468.9495,-4468.9495
2026-09-27 09:16:15,1790493375497,17.0425,17.0425,-4453.3569,-4454.7569
2026-09-27 09:21:20,1790493680034,17.0425,17.0425,-4454.651,-4454.651
2026-09-27 09:26:20,1790493980100,17.0425,17.0425,-4456.0016,-4456.0016
2026-09-27 09:31:25,1790494285059,17.0425,17.0425,-4454.3534,-4454.3534
2026-09-27 09:36:25,1790494585103,17.0425,17.0425,-4454.4073,-4454.4073
2026-09-27 09:41:25,1790494885160,17.0425,17.0425,-4464.2624,-4464.2624
2026-09-27 09:46:25,1790495185182,17.0425,17.0425,-4463.8901,-4463.8901
2026-09-27 09:51:25,1790495485233,17.0425,17.0425,-4476.2043,-4476.2043
2026-09-27 09:56:30,1790495790191,17.0425,17.0425,-4481.4341,-4481.4341
2026-09-27 10:01:30,1790496090244,17.0425,17.0425,-4487.3219,-4488.5219
2026-09-27 10:06:35,1790496395240,17.0425,17.0425,-4502.8509,-4502.8509
2026-09-27 10:11:35,1790496695273,17.0425,17.0425,-4502.4196,-4502.4196
2026-09-27 10:16:35,1790496995292,17.0425,17.0425,-4500.5943,-4508.1943
2026-09-27 10:21:35,1790497295308,17.0425,17.0425,-4521.7158,-4521.7158
2026-09-27 10:26:35,1790497595353,17.0425,17.0425,-4527.0424,-4527.0424
2026-09-27 10:31:35,1790497895380,17.0425,17.0425,-4508.5128,-4517.3128
2026-09-27 10:36:35,1790498195401,17.0425,17.0425,-4515.7858,-4523.5858
2026-09-27 10:41:35,1790498495410,17.0425,17.0425,-4540.8327,-4540.8327
2026-09-27 10:46:35,1790498795445,17.0425,17.0425,-4538.7166,-4540.7166
2026-09-27 10:51:40,1790499100424,17.0425,17.0425,-4545.3207,-4545.3207
2026-09-27 10:56:40,1790499400487,17.0425,17.0425,-4547.5129,-4547.5129
2026-09-27 11:01:45,1790499705501,17.0425,17.0425,-4560.9602,-4563.3602
2026-09-27 11:06:50,1790500010482,17.0425,17.0425,-4566.6353,-4566.6353
2026-09-27 11:11:50,1790500310520,17.0425,17.0425,-4567.3556,-4567.3556
2026-09-27 11:16:50,1790500610590,17.0425,17.0425,-4576.7021,-4576.7021
2026-09-27 11:21:50,1790500910592,17.0425,17.0425,-4566.7195,-4566.7195
2026-09-27 11:26:55,1790501215666,17.0425,17.0425,-4571.2162,-4571.2162
2026-09-27 11:32:00,1790501520608,17.0425,17.0425,-4558.0922,-4565.6922
2026-09-27 11:37:00,1790501820707,17.0425,17.0425,-4566.5215,-4566.5215
2026-09-27 11:42:05,1790502125682,17.0425,17.0425,-4580.8243,-4580.8243
2026-09-27 11:47:06,1790502426090,17.0425,17.0425,-4588.2771,-4588.2771
2026-09-27 11:52:10,1790502730743,17.0425,17.0425,-4595.6425,-4595.6425
2026-09-27 11:57:15,1790503035724,17.0425,17.0425,-4600.1329,-4600.1329
2026-09-27 12:02:16,1790503336258,17.0425,17.0425,-4606.7423,-4608.3423
2026-09-27 12:07:20,1790503640767,17.0425,17.0425,-4600.9195,-4602.5195
2026-09-27 12:12:20,1790503940827,17.0425,17.0425,-4608.6406,-4608.6406
2026-09-27 12:17:25,1790504245825,17.0425,17.0425,-4611.7144,-4613.3144
2026-09-27 12:22:25,1790504545850,17.0425,17.0425,-4616.0916,-4616.0916
2026-09-27 12:27:25,1790504845850,17.0425,17.0425,-4616.9051,-4616.9051
2026-09-27 12:32:25,1790505145923,17.0425,17.0425,-4619.4746,-4619.4746
2026-09-27 12:37:30,1790505450902,17.0425,17.0425,-4623.724,-4623.724
2026-09-27 12:42:30,1790505750925,17.0425,17.0425,-4630.235,-4630.235
2026-09-27 12:47:30,1790506050947,17.0425,17.0425,-4627.835,-4630.235
2026-09-27 12:52:31,1790506351015,17.0425,17.0425,-4632.1508,-4632.1508
2026-09-27 12:57:31,1790506651053,17.0425,17.0425,-4646.1009,-4646.1009
2026-09-27 13:02:36,1790506956000,17.0425,17.0425,-4639.0004,-4644.6004
2026-09-27 13:07:36,1790507256001,17.0425,17.0425,-4649.8176,-4649.8176
2026-09-27 13:12:36,1790507556062,17.0425,17.0425,-4658.6703,-4658.6703
2026-09-27 13:17:36,1790507856074,17.0425,17.0425,-4669.9913,-4672.1913
2026-09-27 13:22:36,1790508156111,17.0425,17.0425,-4666.8596,-4666.8596
2026-09-27 13:27:41,1790508461103,17.0425,17.0425,-4682.9509,-4682.9509
2026-09-27 13:32:41,1790508761154,17.0425,17.0425,-4677.0253,-4691.6253
2026-09-27 13:37:41,1790509061178,17.0425,17.0425,-4695.5973,-4695.5973
2026-09-27 13:42:41,1790509361223,17.0425,17.0425,-4698.426,-4698.426
2026-09-27 13:47:41,1790509661279,17.0425,17.0425,-4711.4317,-4715.0317
2026-09-27 13:52:46,1790509966234,17.0425,17.0425,-4730.4914,-4730.4914
2026-09-27 13:57:46,1790510266295,17.0425,17.0425,-4721.9038,-4721.9038
2026-09-27 14:02:51,1790510571275,17.0425,17.0425,-4730.9147,-4734.1147
2026-09-27 14:07:56,1790510876317,17.0425,17.0425,-4734.406,-4734.406
2026-09-27 14:12:56,1790511176391,17.0425,17.0425,-4736.2437,-4736.2437
2026-09-27 14:17:56,1790511476426,17.0425,17.0425,-4737.3607,-4737.3607
2026-09-27 14:23:01,1790511781401,17.0425,17.0425,-4734.1042,-4734.1042
2026-09-27 14:28:06,1790512086361,17.0425,17.0425,-4750.4373,-4750.4373
2026-09-27 14:33:06,1790512386864,17.0425,17.0425,-4762.645,-4763.445
2026-09-27 14:38:11,1790512691407,17.0425,17.0425,-4757.351,-4757.351
2026-09-27 14:43:11,1790512991421,17.0425,17.0425,-4768.8198,-4768.8198
2026-09-27 14:48:11,1790513291451,17.0425,17.0425,-4769.2444,-4769.2444
2026-09-27 14:53:11,1790513591507,17.0425,17.0425,-4779.3135,-4779.3135
2026-09-27 14:58:11,1790513891515,17.0425,17.0425,-4779.4197,-4779.4197
2026-09-27 15:03:16,1790514196525,17.0425,17.0425,-4789.1734,-4789.1734
2026-09-27 15:08:16,1790514496545,17.0425,17.0425,-4791.644,-4791.644
2026-09-27 15:13:16,1790514796561,17.0425,17.0425,-4799.5078,-4799.5078
2026-09-27 15:18:16,1790515096596,17.0425,17.0425,-4804.844,-4804.844
2026-09-27 15:23:16,1790515396621,17.0425,17.0425,-4810.7653,-4810.7653
2026-09-27 15:28:16,1790515696655,17.0425,17.0425,-4810.5791,-4810.5791
2026-09-27 15:33:16,1790515996687,17.0425,17.0425,-4817.0105,-4817.0105
2026-09-27 15:38:16,1790516296708,17.0425,17.0425,-4842.2872,-4842.2872
2026-09-27 15:43:21,1790516601758,17.0425,17.0425,-4830.8996,-4830.8996
2026-09-27 15:48:21,1790516901762,17.0425,17.0425,-4844.194,-4844.194
2026-09-27 15:53:21,1790517201770,17.0425,17.0425,-4847.8036,-4847.8036
2026-09-27 15:58:21,1790517501772,17.0425,17.0425,-4851.5152,-4851.5152
2026-09-27 16:03:21,1790517801820,17.0425,17.0425,-4879.0267,-4879.0267
2026-09-27 16:08:21,1790518101827,17.0425,17.0425,-4876.2522,-4876.2522
2026-09-27 16:13:21,1790518401841,17.0425,17.0425,-4862.7618,-4862.7618
2026-09-27 16:18:26,1790518706873,17.0425,17.0425,-4865.7998,-4865.7998
2026-09-27 16:23:26,1790519006884,17.0425,17.0425,-4880.5809,-4880.5809
2026-09-27 16:28:26,1790519306925,17.0425,17.0425,-4880.3947,-4880.3947
2026-09-27 16:33:26,1790519606956,17.0425,17.0425,-4886.2781,-4886.2781
2026-09-27 16:38:31,1790519911926,17.0425,17.0425,-4904.4808,-4904.4808
2026-09-27 16:43:31,1790520211954,17.0425,17.0425,-4896.286,-4896.286
2026-09-27 16:48:32,1790520512005,17.0425,17.0425,-4897.3119,-4898.9119
2026-09-27 16:53:37,1790520817022,17.0425,17.0425,-4898.5754,-4898.5754
2026-09-27 16:58:38,1790521118403,17.0425,17.0425,-4900.8562,-4900.8562
2026-09-27 17:03:38,1790521418471,17.0425,17.0425,-4912.0882,-4912.0882
2026-09-27 17:08:38,1790521718489,17.0425,17.0425,-4910.7595,-4910.7595
2026-09-27 17:13:38,1790522018496,17.0425,17.0425,-4914.2389,-4914.2389
2026-09-27 17:18:38,1790522318525,17.0425,17.0425,-4921.5457,-4923.9457
2026-09-27 17:23:38,1790522618559,17.0425,17.0425,-4930.9412,-4930.9412
2026-09-27 17:28:38,1790522918560,17.0425,17.0425,-4943.7099,-4943.7099
2026-09-27 17:33:38,1790523218600,17.0425,17.0425,-4950.5209,-4950.5209
2026-09-27 17:38:38,1790523518653,17.0425,17.0425,-4960.3425,-4960.3425
2026-09-27 17:43:43,1790523823616,17.0425,17.0425,-4963.0579,-4963.0579
2026-09-27 17:48:43,1790524123663,17.0425,17.0425,-4966.2502,-4966.2502
2026-09-27 17:53:43,1790524423724,17.0425,17.0425,-4970.0389,-4970.0389
2026-09-27 17:58:48,1790524728758,17.0425,17.0425,-4974.076,-4974.076
2026-09-27 18:03:49,1790525029331,17.0425,17.0425,-4993.7518,-4994.9518
2026-09-27 18:08:53,1790525333762,17.0425,17.0425,-4996.6578,-4996.6578
2026-09-27 18:13:53,1790525633778,17.0425,17.0425,-4999.9634,-4999.9634
2026-09-27 18:18:53,1790525933864,17.0425,17.0425,-5022.4437,-5023.4437
2026-09-27 18:23:58,1790526238801,17.0425,17.0425,-5040.5601,-5040.5601
2026-09-27 18:28:58,1790526538857,17.0425,17.0425,-5011.7833,-5011.7833
2026-09-27 18:33:58,1790526838874,17.0425,17.0425,-5007.6858,-5011.0858
2026-09-27 18:38:58,1790527138878,17.0425,17.0425,-5023.3997,-5023.3997
2026-09-27 18:43:58,1790527438885,17.0425,17.0425,-5024.8095,-5024.8095
2026-09-27 18:48:58,1790527738925,17.0425,17.0425,-5027.6259,-5027.6259
2026-09-27 18:53:58,1790528038937,17.0425,17.0425,-5037.0754,-5037.0754
2026-09-27 18:58:58,1790528338991,17.0425,17.0425,-5040.5825,-5040.5825
2026-09-27 19:04:03,1790528643990,17.0425,17.0425,-5048.741,-5048.741
2026-09-27 19:09:04,1790528944039,17.0425,17.0425,-5054.772,-5054.772
2026-09-27 19:14:04,1790529244181,17.0425,17.0425,-5062.4979,-5062.4979
2026-09-27 19:19:09,1790529549516,17.0425,17.0425,-5064.5045,-5066.3045
2026-09-27 19:24:14,1790529854115,17.0425,17.0425,-5079.218,-5079.218
2026-09-27 19:29:14,1790530154130,17.0425,17.0425,-5075.5074,-5075.5074
2026-09-27 19:34:14,1790530454181,17.0425,17.0425,-5085.8935,-5085.8935
2026-09-27 19:39:19,1790530759241,17.0425,17.0425,-5094.5511,-5094.5511
2026-09-27 19:44:24,1790531064235,17.0425,17.0425,-5097.0299,-5097.0299
2026-09-27 19:49:29,1790531369330,17.0425,17.0425,-5106.9263,-5106.9263
2026-09-27 19:54:34,1790531674225,17.0425,17.0425,-5109.4235,-5109.4235
2026-09-27 19:59:34,1790531974267,17.0425,17.0425,-5110.3039,-5110.3039
2026-09-27 20:04:34,1790532274286,17.0425,17.0425,-5111.3239,-5112.3239
2026-09-27 20:09:34,1790532574327,17.0425,17.0425,-5120.5043,-5120.5043
2026-09-27 20:14:34,1790532874397,17.0425,17.0425,-5111.4811,-5111.4811
2026-09-27 20:19:39,1790533179372,17.0425,17.0425,-5127.3586,-5127.3586
2026-09-27 20:24:44,1790533484373,17.0425,17.0425,-5127.6267,-5127.6267
2026-09-27 20:29:44,1790533784397,17.0425,17.0425,-5127.0397,-5127.0397
2026-09-27 20:34:44,1790534084433,17.0425,17.0425,-5122.1897,-5122.1897
2026-09-27 20:39:44,1790534384449,17.0425,17.0425,-5133.0807,-5133.0807
2026-09-27 20:44:44,1790534684478,17.0425,17.0425,-5114.6332,-5114.6332
2026-09-27 20:49:44,1790534984489,17.0425,17.0425,-5124.7609,-5124.7609
2026-09-27 20:54:44,1790535284534,17.0425,17.0425,-5118.9903,-5118.9903
2026-09-27 20:59:44,1790535584545,17.0425,17.0425,-5123.0523,-5123.0523
2026-09-27 21:04:44,1790535884613,17.0425,17.0425,-5134.6724,-5134.6724
2026-09-27 21:09:49,1790536189579,17.0425,17.0425,-5138.7074,-5138.7074
2026-09-27 21:14:49,1790536489661,17.0425,17.0425,-5137.6213,-5137.6213
2026-09-27 21:19:54,1790536794748,17.0425,17.0425,-5137.121,-5137.121
2026-09-27 21:24:59,1790537099658,17.0425,17.0425,-5140.603,-5140.603
2026-09-27 21:29:59,1790537399684,17.0425,17.0425,-5145.7917,-5145.7917
2026-09-27 21:35:04,1790537704675,17.0425,17.0425,-5145.9294,-5145.9294
2026-09-27 21:40:04,1790538004734,17.0425,17.0425,-5157.8468,-5157.8468
2026-09-27 21:45:05,1790538305200,17.0425,17.0425,-5158.0737,-5159.2737
2026-09-27 21:50:09,1790538609843,17.0425,17.0425,-5177.4284,-5177.4284
2026-09-27 21:55:14,1790538914794,17.0425,17.0425,-5179.8078,-5179.8078
2026-09-27 22:00:14,1790539214811,17.0425,17.0425,-5195.101,-5196.301
2026-09-27 22:05:14,1790539514815,17.0425,17.0425,-5189.4901,-5189.4901
2026-09-27 22:10:14,1790539814859,17.0425,17.0425,-5195.7614,-5195.7614
2026-09-27 22:15:14,1790540114894,17.0425,17.0425,-5194.5753,-5195.5753
2026-09-27 22:20:14,1790540414934,17.0425,17.0425,-5198.7689,-5198.7689
2026-09-27 22:25:14,1790540714949,17.0425,17.0425,-5203.1215,-5203.1215
2026-09-27 22:30:20,1790541020857,17.0425,17.0425,-5203.1215,-5203.1215
2026-09-27 22:35:20,1790541320944,17.0425,17.0425,-5216.5315,-5216.5315
2026-09-27 22:40:24,1790541624981,17.0425,17.0425,-5228.3457,-5228.3457
2026-09-27 22:45:24,1790541924998,17.0425,17.0425,-5218.6717,-5222.2717
2026-09-27 22:50:25,1790542225043,17.0425,17.0425,-5231.3747,-5231.3747
2026-09-27 22:55:25,1790542525054,17.0425,17.0425,-5239.2753,-5239.2753
2026-09-27 23:00:25,1790542825094,17.0425,17.0425,-5238.9031,-5238.9031
2026-09-27 23:05:25,1790543125131,17.0425,17.0425,-5246.5546,-5246.5546
2026-09-27 23:10:25,1790543425641,17.0425,17.0425,-5254.296,-5254.296
2026-09-27 23:15:30,1790543730193,17.0425,17.0425,-5268.6044,-5268.6044
2026-09-27 23:20:35,1790544035188,17.0425,17.0425,-5277.454,-5277.454
2026-09-27 23:25:40,1790544340199,17.0425,17.0425,-5279.0494,-5279.0494
2026-09-27 23:30:45,1790544645232,17.0425,17.0425,-5272.7295,-5273.9295
2026-09-27 23:35:50,1790544950224,17.0425,17.0425,-5287.253,-5287.253
2026-09-27 23:40:50,1790545250258,17.0425,17.0425,-5289.4351,-5289.4351
