time,ms,checked,sum_below_1,sum_below_0_99,net_positive,best_sum,best_net_pct,median_sum,best_question
2026-09-22 23:36:59,1790113019855,164,0,0,0,1.001,-0.1,1.01,Strait of Hormuz traffic returns to normal by September 30?
2026-09-22 23:42:04,1790113324326,164,0,0,0,1.001,-0.1,1.01,Strait of Hormuz traffic returns to normal by September 30?
2026-09-22 23:47:08,1790113628426,164,0,0,0,1.001,-0.1,1.01,Strait of Hormuz traffic returns to normal by September 30?
2026-09-22 23:52:12,1790113932685,163,0,0,0,1.001,-0.1,1.01,Strait of Hormuz traffic returns to normal by September 30?
2026-09-22 23:57:16,1790114236835,163,0,0,0,1.001,-0.1,1.01,Strait of Hormuz traffic returns to normal by September 30?
2026-09-23 00:02:20,1790114540814,163,0,0,0,1.001,-0.1,1.01,Strait of Hormuz traffic returns to normal by September 30?
2026-09-23 00:07:24,1790114844890,163,0,0,0,1.001,-0.1,1.01,Israel x Iran ceasefire continues through September 30?
2026-09-23 00:12:28,1790115148937,163,0,0,0,1.001,-0.1,1.01,Will Yossi Cohen be the next Prime Minister of Israel?
2026-09-23 00:17:32,1790115452960,163,0,0,0,1.001,-0.1,1.01,Will Yossi Cohen be the next Prime Minister of Israel?
2026-09-23 00:22:37,1790115757276,163,0,0,0,1.001,-0.1,1.01,Will Yossi Cohen be the next Prime Minister of Israel?
2026-09-23 00:27:41,1790116061350,163,0,0,0,1.001,-0.1,1.01,Will Yossi Cohen be the next Prime Minister of Israel?
2026-09-23 00:32:45,1790116365374,163,0,0,0,1.001,-0.1,1.01,Strait of Hormuz traffic returns to normal by September 30?
2026-09-23 00:37:15,1790116635290,170,0,0,0,1.001,-0.1,1.01,Israel x Iran ceasefire continues through September 30?
2026-09-23 00:42:19,1790116939768,170,0,0,0,1.001,-0.1,1.01,Israel x Iran ceasefire continues through September 30?
2026-09-23 00:47:23,1790117243875,170,0,0,0,1.001,-0.1,1.01,Israel x Iran ceasefire continues through September 30?
2026-09-23 00:52:28,1790117548024,169,0,0,0,1.001,-0.1,1.01,Israel x Iran ceasefire continues through September 30?
2026-09-23 00:57:31,1790117851980,169,0,0,0,1.001,-0.1,1.01,Israel x Iran ceasefire continues through September 30?
2026-09-23 01:02:35,1790118155990,169,0,0,0,1.001,-0.1,1.01,Israel x Iran ceasefire continues through September 30?
2026-09-23 01:07:40,1790118460014,169,0,0,0,1.001,-0.1,1.01,Israel x Iran ceasefire continues through September 30?
2026-09-23 01:12:44,1790118764073,169,0,0,0,1.001,-0.1,1.01,Israel x Iran ceasefire continues through September 30?
2026-09-23 01:17:47,1790119067999,169,0,0,0,1.001,-0.1,1.01,Israel x Iran ceasefire continues through September 30?
2026-09-23 01:22:52,1790119372049,169,0,0,0,1.001,-0.1,1.01,Israel x Iran ceasefire continues through September 30?
2026-09-23 01:27:56,1790119676026,168,0,0,0,1.001,-0.1,1.01,Israel x Iran ceasefire continues through September 30?
2026-09-23 01:33:00,1790119980192,168,0,0,0,1.001,-0.1,1.01,Israel x Iran ceasefire continues through September 30?
2026-09-23 01:37:30,1790120250573,187,0,0,0,1.001,-0.1,1.01,"US announces end of Iranian blockade by December 31, 2026?"
2026-09-23 01:42:34,1790120554821,186,0,0,0,1.001,-0.1,1.01,"US announces end of Iranian blockade by December 31, 2026?"
2026-09-23 01:47:38,1790120858914,186,0,0,0,1.001,-0.1,1.01,Israel x Iran ceasefire continues through September 30?
2026-09-23 01:52:42,1790121162976,185,0,0,0,1.001,-0.1,1.01,Israel x Iran ceasefire continues through September 30?
2026-09-23 01:57:47,1790121467033,185,0,0,0,1.001,-0.1,1.01,Israel x Iran ceasefire continues through September 30?
2026-09-23 02:02:51,1790121771083,185,0,0,0,1.001,-0.1,1.01,Will Yossi Cohen be the next Prime Minister of Israel?
2026-09-23 02:07:55,1790122075272,185,0,0,0,1.001,-0.1,1.01,Saudi Oil Pipeline (East-West) restarts by September 22?
2026-09-23 02:12:59,1790122379237,185,0,0,0,1.001,-0.1,1.01,"US announces end of Iranian blockade by December 31, 2026?"
2026-09-23 02:18:03,1790122683251,184,0,0,0,1.001,-0.1,1.01,"US announces end of Iranian blockade by December 31, 2026?"
2026-09-23 02:23:07,1790122987290,185,0,0,0,1.001,-0.1,1.01,"US announces end of Iranian blockade by December 31, 2026?"
2026-09-23 02:28:11,1790123291329,185,0,0,0,1.001,-0.1,1.01,"US announces end of Iranian blockade by December 31, 2026?"
2026-09-23 02:33:15,1790123595359,184,0,0,0,1.001,-0.1,1.01,Saudi Oil Pipeline (East-West) restarts by September 22?
2026-09-23 02:37:46,1790123866033,185,0,0,0,1.001,-0.1,1.01,"US announces end of Iranian blockade by December 31, 2026?"
2026-09-23 02:42:50,1790124170023,186,0,0,0,1.001,-0.1,1.01,Will Yossi Cohen be the next Prime Minister of Israel?
2026-09-23 02:47:53,1790124473995,187,0,0,0,1.001,-0.1,1.01,"US announces end of Iranian blockade by December 31, 2026?"
2026-09-23 02:52:58,1790124778148,187,0,0,0,1.001,-0.1,1.01,"US announces end of Iranian blockade by December 31, 2026?"
2026-09-23 02:58:02,1790125082139,186,0,0,0,1.001,-0.1,1.01,Will Yossi Cohen be the next Prime Minister of Israel?
2026-09-23 03:03:06,1790125386173,184,0,0,0,1.001,-0.1,1.01,Will Yossi Cohen be the next Prime Minister of Israel?
2026-09-23 03:08:10,1790125690312,184,0,0,0,1.001,-0.1,1.01,"US announces end of Iranian blockade by December 31, 2026?"
2026-09-23 03:13:14,1790125994222,180,0,0,0,1.001,-0.1,1.01,"US announces end of Iranian blockade by December 31, 2026?"
2026-09-23 03:18:18,1790126298141,179,0,0,0,1.001,-0.1,1.01,"US announces end of Iranian blockade by December 31, 2026?"
2026-09-23 03:23:22,1790126602186,177,0,0,0,1.001,-0.1,1.01,"US announces end of Iranian blockade by December 31, 2026?"
2026-09-23 03:28:26,1790126906228,175,0,0,0,1.001,-0.1,1.01,"US announces end of Iranian blockade by December 31, 2026?"
2026-09-23 03:33:30,1790127210232,173,0,0,0,1.001,-0.1,1.01,"US announces end of Iranian blockade by December 31, 2026?"
2026-09-23 03:38:01,1790127481178,179,0,0,0,1.001,-0.1,1.01,"US announces end of Iranian blockade by December 31, 2026?"
2026-09-23 03:43:05,1790127785145,174,0,0,0,1.001,-0.1,1.01,"US announces end of Iranian blockade by December 31, 2026?"
2026-09-23 03:48:09,1790128089229,173,0,0,0,1.001,-0.1,1.01,"US announces end of Iranian blockade by December 31, 2026?"
2026-09-23 03:53:13,1790128393333,167,0,0,0,1.001,-0.1,1.01,"US announces end of Iranian blockade by December 31, 2026?"
2026-09-23 03:58:17,1790128697353,165,0,0,0,1.001,-0.1,1.01,"US announces end of Iranian blockade by December 31, 2026?"
2026-09-23 04:03:21,1790129001472,163,0,0,0,1.001,-0.1,1.01,"US announces end of Iranian blockade by December 31, 2026?"
2026-09-23 04:08:25,1790129305639,163,0,0,0,1.001,-0.1,1.01,"US announces end of Iranian blockade by December 31, 2026?"
2026-09-23 04:13:29,1790129609706,162,0,0,0,1.001,-0.1,1.01,"US announces end of Iranian blockade by December 31, 2026?"
2026-09-23 04:18:33,1790129913787,162,0,0,0,1.001,-0.1,1.01,"US announces end of Iranian blockade by December 31, 2026?"
2026-09-23 04:23:37,1790130217759,162,0,0,0,1.001,-0.1,1.01,"US announces end of Iranian blockade by December 31, 2026?"
2026-09-23 04:28:41,1790130521865,161,0,0,0,1.001,-0.1,1.01,"US announces end of Iranian blockade by December 31, 2026?"
2026-09-23 04:33:46,1790130826656,161,0,0,0,1.001,-0.1,1.01,"US announces end of Iranian blockade by December 31, 2026?"
2026-09-23 04:38:16,1790131096250,178,0,0,0,1.001,-0.1,1.01,"US announces end of Iranian blockade by December 31, 2026?"
2026-09-23 04:43:20,1790131400368,178,0,0,0,1.001,-0.1,1.01,"US announces end of Iranian blockade by December 31, 2026?"
2026-09-23 04:48:24,1790131704467,178,0,0,0,1.001,-0.1,1.01,"US announces end of Iranian blockade by December 31, 2026?"
2026-09-23 04:53:28,1790132008449,177,0,0,0,1.001,-0.1,1.01,"US announces end of Iranian blockade by December 31, 2026?"
2026-09-23 04:58:32,1790132312384,176,0,0,0,1.001,-0.1,1.01,"US announces end of Iranian blockade by December 31, 2026?"
2026-09-23 05:03:36,1790132616387,174,0,0,0,1.001,-0.1,1.01,"US announces end of Iranian blockade by December 31, 2026?"
2026-09-23 05:08:40,1790132920325,173,0,0,0,1.001,-0.1,1.01,"US announces end of Iranian blockade by December 31, 2026?"
2026-09-23 05:13:44,1790133224355,170,0,0,0,1.001,-0.1,1.01,"US announces end of Iranian blockade by December 31, 2026?"
2026-09-23 05:18:48,1790133528140,169,0,0,0,1.001,-0.1,1.01,"US announces end of Iranian blockade by December 31, 2026?"
2026-09-23 05:23:52,1790133832036,169,0,0,0,1.001,-0.1,1.01,"US announces end of Iranian blockade by December 31, 2026?"
2026-09-23 05:28:55,1790134135836,166,0,0,0,1.001,-0.1,1.01,"US announces end of Iranian blockade by December 31, 2026?"
2026-09-23 05:33:59,1790134439587,166,0,0,0,1.001,-0.1,1.01,"US announces end of Iranian blockade by December 31, 2026?"
2026-09-23 05:38:30,1790134710414,171,0,0,0,1.001,-0.1,1.01,"US announces end of Iranian blockade by December 31, 2026?"
2026-09-23 05:43:34,1790135014196,168,0,0,0,1.001,-0.1,1.01,"US announces end of Iranian blockade by December 31, 2026?"
2026-09-23 05:48:38,1790135318023,168,0,0,0,1.001,-0.1,1.01,"US announces end of Iranian blockade by December 31, 2026?"
2026-09-23 05:53:42,1790135622677,166,0,0,0,1.001,-0.1,1.01,"US announces end of Iranian blockade by December 31, 2026?"
2026-09-23 05:58:46,1790135926546,164,0,0,0,1.001,-0.1,1.01,"US announces end of Iranian blockade by December 31, 2026?"
2026-09-23 06:03:50,1790136230356,162,0,0,0,1.001,-0.1,1.01,"US announces end of Iranian blockade by December 31, 2026?"
2026-09-23 06:08:54,1790136534148,162,0,0,0,1.001,-0.1,1.01,"US announces end of Iranian blockade by December 31, 2026?"
2026-09-23 14:55:20,1790168120894,168,0,0,0,1.001,-0.1,1.01,Will Yossi Cohen be the next Prime Minister of Israel?
2026-09-23 15:00:24,1790168424844,166,0,0,0,1.001,-0.1,1.01,Will Yossi Cohen be the next Prime Minister of Israel?
2026-09-23 15:05:28,1790168728982,166,0,0,0,1.001,-0.1,1.01,Will Yossi Cohen be the next Prime Minister of Israel?
2026-09-23 15:10:32,1790169032966,162,0,0,0,1.001,-0.1,1.01,Will Yossi Cohen be the next Prime Minister of Israel?
2026-09-23 15:15:36,1790169336992,162,0,0,0,1.001,-0.1,1.01,Will Yossi Cohen be the next Prime Minister of Israel?
2026-09-23 15:20:40,1790169640907,162,0,0,0,1.001,-0.1,1.01,Will Yossi Cohen be the next Prime Minister of Israel?
2026-09-23 15:25:44,1790169944933,161,0,0,0,1.001,-0.1,1.01,Will Yossi Cohen be the next Prime Minister of Israel?
2026-09-23 15:30:49,1790170249046,162,0,0,0,1.001,-0.1,1.01,Will Yossi Cohen be the next Prime Minister of Israel?
2026-09-23 15:35:53,1790170553021,162,0,0,0,1.001,-0.1,1.01,Will Yossi Cohen be the next Prime Minister of Israel?
2026-09-23 15:40:57,1790170857103,160,0,0,0,1.001,-0.1,1.01,Will Yossi Cohen be the next Prime Minister of Israel?
2026-09-23 15:46:01,1790171161616,159,0,0,0,1.001,-0.1,1.01,Will Yossi Cohen be the next Prime Minister of Israel?
2026-09-23 15:51:05,1790171465664,158,0,0,0,1.001,-0.1,1.01,Will Yossi Cohen be the next Prime Minister of Israel?
2026-09-23 15:55:35,1790171735215,169,0,0,0,1.001,-0.1,1.01,Will Yossi Cohen be the next Prime Minister of Israel?
2026-09-23 16:00:39,1790172039243,168,0,0,0,1.001,-0.1,1.01,Will Yossi Cohen be the next Prime Minister of Israel?
2026-09-23 16:05:43,1790172343345,167,0,0,0,1.001,-0.1,1.01,Will Yossi Cohen be the next Prime Minister of Israel?
2026-09-23 16:10:47,1790172647521,165,0,0,0,1.001,-0.1,1.01,Will Yossi Cohen be the next Prime Minister of Israel?
2026-09-23 16:15:51,1790172951664,162,0,0,0,1.001,-0.1,1.01,Will Yossi Cohen be the next Prime Minister of Israel?
2026-09-23 16:20:55,1790173255637,163,0,0,0,1.001,-0.1,1.01,Will Yossi Cohen be the next Prime Minister of Israel?
2026-09-23 16:25:59,1790173559904,160,0,0,0,1.001,-0.1,1.01,Will Yossi Cohen be the next Prime Minister of Israel?
2026-09-23 16:31:03,1790173863807,161,0,0,0,1.001,-0.1,1.01,Will Yossi Cohen be the next Prime Minister of Israel?
2026-09-23 16:36:07,1790174167700,162,0,0,0,1.001,-0.1,1.01,"US announces end of Iranian blockade by December 31, 2026?"
2026-09-23 16:41:11,1790174471761,162,0,0,0,1.001,-0.1,1.01,"US announces end of Iranian blockade by December 31, 2026?"
2026-09-23 16:46:15,1790174775696,161,0,0,0,1.001,-0.1,1.01,"US announces end of Iranian blockade by December 31, 2026?"
2026-09-23 16:51:19,1790175079699,159,0,0,0,1.001,-0.1,1.01,"US announces end of Iranian blockade by December 31, 2026?"
2026-09-23 16:55:49,1790175349926,164,0,0,0,1.001,-0.1,1.01,"US announces end of Iranian blockade by December 31, 2026?"
2026-09-23 17:00:53,1790175653749,163,0,0,0,1.001,-0.1,1.01,Will Yossi Cohen be the next Prime Minister of Israel?
2026-09-23 17:05:57,1790175957842,160,0,0,0,1.001,-0.1,1.01,Will Yossi Cohen be the next Prime Minister of Israel?
2026-09-23 17:11:01,1790176261865,160,0,0,0,1.001,-0.1,1.01,Will Yossi Cohen be the next Prime Minister of Israel?
2026-09-23 17:16:05,1790176565831,156,0,0,0,1.001,-0.1,1.01,Will Yossi Cohen be the next Prime Minister of Israel?
2026-09-23 17:21:09,1790176869836,157,0,0,0,1.001,-0.1,1.01,Will Yossi Cohen be the next Prime Minister of Israel?
2026-09-23 17:26:13,1790177173758,156,0,0,0,1.001,-0.1,1.01,Will Yossi Cohen be the next Prime Minister of Israel?
2026-09-23 17:31:17,1790177477623,153,0,0,0,1.001,-0.1,1.01,Will Yossi Cohen be the next Prime Minister of Israel?
2026-09-23 17:36:21,1790177781488,152,0,0,0,1.001,-0.1,1.01,Will Yossi Cohen be the next Prime Minister of Israel?
2026-09-23 17:41:25,1790178085381,151,0,0,0,1.001,-0.1,1.01,Will Yossi Cohen be the next Prime Minister of Israel?
2026-09-23 17:46:29,1790178389302,152,0,0,0,1.001,-0.1,1.01,Will Yossi Cohen be the next Prime Minister of Israel?
2026-09-23 17:51:33,1790178693318,152,0,0,0,1.001,-0.1,1.01,Will Yossi Cohen be the next Prime Minister of Israel?
2026-09-23 17:56:04,1790178964933,159,0,0,0,1.001,-0.1,1.01,Will Yossi Cohen be the next Prime Minister of Israel?
2026-09-23 18:01:09,1790179269052,158,0,0,0,1.001,-0.1,1.01,Will Yossi Cohen be the next Prime Minister of Israel?
2026-09-23 18:06:13,1790179573102,158,0,0,0,1.001,-0.1,1.01,Will Yossi Cohen be the next Prime Minister of Israel?
2026-09-23 18:11:17,1790179877195,158,0,0,0,1.001,-0.1,1.01,Will Yossi Cohen be the next Prime Minister of Israel?
2026-09-23 18:16:21,1790180181046,157,0,0,0,1.001,-0.1,1.01,Will Yossi Cohen be the next Prime Minister of Israel?
2026-09-23 18:21:25,1790180485052,156,0,0,0,1.001,-0.1,1.01,Will Yossi Cohen be the next Prime Minister of Israel?
2026-09-23 18:26:29,1790180789012,157,0,0,0,1.001,-0.1,1.01,Will Yossi Cohen be the next Prime Minister of Israel?
2026-09-23 18:31:33,1790181093182,156,0,0,0,1.001,-0.1,1.01,Will Yossi Cohen be the next Prime Minister of Israel?
2026-09-23 18:36:37,1790181397224,156,0,0,0,1.001,-0.1,1.01,Will Yossi Cohen be the next Prime Minister of Israel?
2026-09-23 18:41:41,1790181701120,156,0,0,0,1.001,-0.1,1.01,Will Yossi Cohen be the next Prime Minister of Israel?
2026-09-23 18:46:45,1790182005113,155,0,0,0,1.001,-0.1,1.01,Will Yossi Cohen be the next Prime Minister of Israel?
2026-09-23 18:51:49,1790182309301,155,0,0,0,1.001,-0.1,1.01,"US announces end of Iranian blockade by December 31, 2026?"
2026-09-23 18:56:24,1790182584345,172,0,0,0,1.001,-0.1,1.01,Kharg Island no longer under Iranian control by September 30?
2026-09-23 19:01:28,1790182888336,172,0,0,0,1.001,-0.1,1.01,Kharg Island no longer under Iranian control by September 30?
2026-09-23 19:06:32,1790183192371,171,0,0,0,1.001,-0.1,1.01,Kharg Island no longer under Iranian control by September 30?
2026-09-23 19:11:36,1790183496297,172,0,0,0,1.001,-0.1,1.01,Kharg Island no longer under Iranian control by September 30?
2026-09-23 19:16:40,1790183800364,171,0,0,0,1.001,-0.1,1.01,Kharg Island no longer under Iranian control by September 30?
2026-09-23 19:21:44,1790184104501,171,0,0,0,1.001,-0.1,1.01,Kharg Island no longer under Iranian control by September 30?
2026-09-23 19:26:48,1790184408425,170,0,0,0,1.001,-0.1,1.01,Kharg Island no longer under Iranian control by September 30?
2026-09-23 19:31:52,1790184712425,170,0,0,0,1.001,-0.1,1.01,Kharg Island no longer under Iranian control by September 30?
2026-09-23 19:36:56,1790185016536,170,0,0,0,1.001,-0.1,1.01,Kharg Island no longer under Iranian control by September 30?
2026-09-23 19:42:00,1790185320658,169,0,0,0,1.001,-0.1,1.01,Kharg Island no longer under Iranian control by September 30?
2026-09-23 19:47:04,1790185624592,169,0,0,0,1.001,-0.1,1.01,Kharg Island no longer under Iranian control by September 30?
2026-09-23 19:52:08,1790185928559,168,0,0,0,1.001,-0.1,1.01,Kharg Island no longer under Iranian control by September 30?
2026-09-23 19:56:38,1790186198975,170,0,0,0,1.001,-0.1,1.01,Kharg Island no longer under Iranian control by September 30?
2026-09-23 20:01:43,1790186503291,169,0,0,0,1.001,-0.1,1.01,Kharg Island no longer under Iranian control by September 30?
2026-09-23 20:06:47,1790186807334,167,0,0,0,1.001,-0.1,1.01,Kharg Island no longer under Iranian control by September 30?
2026-09-23 20:11:51,1790187111250,167,0,0,0,1.001,-0.1,1.01,Kharg Island no longer under Iranian control by September 30?
2026-09-23 20:16:55,1790187415161,166,0,0,0,1.001,-0.1,1.01,Kharg Island no longer under Iranian control by September 30?
2026-09-23 20:21:59,1790187719464,165,0,0,0,1.001,-0.1,1.01,Kharg Island no longer under Iranian control by September 30?
2026-09-23 20:27:03,1790188023544,163,0,0,0,1.001,-0.1,1.01,Kharg Island no longer under Iranian control by September 30?
2026-09-23 20:32:07,1790188327524,163,0,0,0,1.001,-0.1,1.01,Kharg Island no longer under Iranian control by September 30?
2026-09-23 20:37:11,1790188631595,163,0,0,0,1.001,-0.1,1.01,Kharg Island no longer under Iranian control by September 30?
2026-09-23 20:42:15,1790188935614,162,0,0,0,1.001,-0.1,1.01,Kharg Island no longer under Iranian control by September 30?
2026-09-23 20:47:19,1790189239514,162,0,0,0,1.001,-0.1,1.01,Kharg Island no longer under Iranian control by September 30?
2026-09-23 20:52:23,1790189543359,162,0,0,0,1.001,-0.1,1.01,Kharg Island no longer under Iranian control by September 30?
2026-09-23 20:56:53,1790189813488,166,0,0,0,1.001,-0.1,1.01,Kharg Island no longer under Iranian control by September 30?
2026-09-23 21:01:57,1790190117701,166,0,0,0,1.001,-0.1,1.01,Kharg Island no longer under Iranian control by September 30?
2026-09-23 21:07:01,1790190421820,166,0,0,0,1.001,-0.1,1.01,Kharg Island no longer under Iranian control by September 30?
2026-09-23 21:12:05,1790190725919,166,0,0,0,1.001,-0.1,1.01,Kharg Island no longer under Iranian control by September 30?
2026-09-23 21:17:09,1790191029875,165,0,0,0,1.001,-0.1,1.01,Kharg Island no longer under Iranian control by September 30?
2026-09-23 21:22:13,1790191333939,164,0,0,0,1.001,-0.1,1.01,Kharg Island no longer under Iranian control by September 30?
2026-09-23 21:27:17,1790191637839,164,0,0,0,1.001,-0.1,1.01,Kharg Island no longer under Iranian control by September 30?
2026-09-23 21:32:22,1790191942080,162,0,0,0,1.001,-0.1,1.01,Kharg Island no longer under Iranian control by September 30?
2026-09-23 21:37:25,1790192245971,162,0,0,0,1.001,-0.1,1.01,Kharg Island no longer under Iranian control by September 30?
2026-09-23 21:42:30,1790192550022,160,0,0,0,1.001,-0.1,1.01,Kharg Island no longer under Iranian control by September 30?
2026-09-23 21:47:34,1790192854038,160,0,0,0,1.001,-0.1,1.01,Kharg Island no longer under Iranian control by September 30?
2026-09-23 21:52:37,1790193157920,160,0,0,0,1.001,-0.1,1.01,Kharg Island no longer under Iranian control by September 30?
2026-09-23 21:57:08,1790193428599,158,0,0,0,1.001,-0.1,1.01,Kharg Island no longer under Iranian control by September 30?
2026-09-23 22:02:13,1790193733060,158,0,0,0,1.001,-0.1,1.01,Kharg Island no longer under Iranian control by September 30?
2026-09-23 22:07:17,1790194037277,157,0,0,0,1.001,-0.1,1.01,Kharg Island no longer under Iranian control by September 30?
2026-09-23 22:12:21,1790194341187,156,0,0,0,1.001,-0.1,1.01,Kharg Island no longer under Iranian control by September 30?
2026-09-23 22:17:25,1790194645155,153,0,0,0,1.001,-0.1,1.01,Kharg Island no longer under Iranian control by September 30?
2026-09-23 22:22:29,1790194949228,152,0,0,0,1.001,-0.1,1.01,Kharg Island no longer under Iranian control by September 30?
2026-09-23 22:27:33,1790195253090,150,0,0,0,1.001,-0.1,1.01,Kharg Island no longer under Iranian control by September 30?
2026-09-23 22:32:37,1790195557039,151,0,0,0,1.001,-0.1,1.01,Kharg Island no longer under Iranian control by September 30?
2026-09-23 22:37:40,1790195860804,149,0,0,0,1.001,-0.1,1.01,Kharg Island no longer under Iranian control by September 30?
2026-09-23 22:42:44,1790196164588,149,0,0,0,1.001,-0.1,1.01,Kharg Island no longer under Iranian control by September 30?
2026-09-23 22:47:48,1790196468931,149,0,0,0,1.001,-0.1,1.01,Kharg Island no longer under Iranian control by September 30?
2026-09-23 22:52:52,1790196772916,147,0,0,0,1.001,-0.1,1.01,Kharg Island no longer under Iranian control by September 30?
2026-09-23 22:57:23,1790197043787,164,0,0,0,1.001,-0.1,1.01,Kharg Island no longer under Iranian control by September 30?
2026-09-23 23:02:28,1790197348098,161,0,0,0,1.001,-0.1,1.01,Kharg Island no longer under Iranian control by September 30?
2026-09-23 23:07:32,1790197652014,160,0,0,0,1.001,-0.1,1.01,Kharg Island no longer under Iranian control by September 30?
2026-09-23 23:12:35,1790197955942,160,0,0,0,1.001,-0.1,1.01,Kharg Island no longer under Iranian control by September 30?
2026-09-23 23:17:39,1790198259949,159,0,0,0,1.001,-0.1,1.01,Kharg Island no longer under Iranian control by September 30?
2026-09-23 23:22:44,1790198564012,159,0,0,0,1.001,-0.1,1.01,Kharg Island no longer under Iranian control by September 30?
2026-09-23 23:27:47,1790198867850,159,0,0,0,1.001,-0.1,1.01,Kharg Island no longer under Iranian control by September 30?
2026-09-23 23:32:51,1790199171652,159,0,0,0,1.001,-0.1,1.01,Kharg Island no longer under Iranian control by September 30?
2026-09-23 23:37:55,1790199475554,159,0,0,0,1.001,-0.1,1.01,Kharg Island no longer under Iranian control by September 30?
2026-09-23 23:42:59,1790199779483,159,0,0,0,1.001,-0.1,1.01,Kharg Island no longer under Iranian control by September 30?
2026-09-23 23:48:03,1790200083420,158,0,0,0,1.001,-0.1,1.01,Kharg Island no longer under Iranian control by September 30?
2026-09-23 23:53:07,1790200387327,159,0,0,0,1.001,-0.1,1.01,Kharg Island no longer under Iranian control by September 30?
2026-09-23 23:57:38,1790200658107,167,0,0,0,1.001,-0.1,1.01,Kharg Island no longer under Iranian control by September 30?
2026-09-24 00:02:41,1790200961964,167,0,0,0,1.001,-0.1,1.01,Kharg Island no longer under Iranian control by September 30?
2026-09-24 00:07:45,1790201265771,168,0,0,0,1.001,-0.1,1.01,Kharg Island no longer under Iranian control by September 30?
2026-09-24 00:12:49,1790201569607,165,0,0,0,1.001,-0.1,1.01,"Putin out as President of Russia by September 30, 2026?"
2026-09-24 00:17:53,1790201873504,166,0,0,0,1.001,-0.1,1.01,"Putin out as President of Russia by September 30, 2026?"
2026-09-24 00:22:57,1790202177530,166,0,0,0,1.001,-0.1,1.01,"Putin out as President of Russia by September 30, 2026?"
2026-09-24 00:28:01,1790202481232,161,0,0,0,1.001,-0.1,1.01,"Putin out as President of Russia by September 30, 2026?"
2026-09-24 00:33:04,1790202784911,161,0,0,0,1.001,-0.1,1.01,"Putin out as President of Russia by September 30, 2026?"
2026-09-24 00:38:08,1790203088962,161,0,0,0,1.001,-0.1,1.01,"Putin out as President of Russia by September 30, 2026?"
2026-09-24 00:43:12,1790203392940,161,0,0,0,1.001,-0.1,1.01,"Putin out as President of Russia by September 30, 2026?"
2026-09-24 00:48:16,1790203696731,161,0,0,0,1.001,-0.1,1.01,"Putin out as President of Russia by September 30, 2026?"
2026-09-24 00:53:20,1790204000490,160,0,0,0,1.001,-0.1,1.01,"Putin out as President of Russia by September 30, 2026?"
2026-09-24 00:57:52,1790204272691,176,0,0,0,1.001,-0.1,1.01,"Putin out as President of Russia by September 30, 2026?"
2026-09-24 01:02:56,1790204576684,176,0,0,0,1.001,-0.1,1.01,"Putin out as President of Russia by September 30, 2026?"
2026-09-24 01:08:00,1790204880564,175,0,0,0,1.001,-0.1,1.01,"Putin out as President of Russia by September 30, 2026?"
2026-09-24 01:13:04,1790205184360,175,0,0,0,1.001,-0.1,1.01,"Putin out as President of Russia by September 30, 2026?"
2026-09-24 01:18:08,1790205488260,175,0,0,0,1.001,-0.1,1.01,"Putin out as President of Russia by September 30, 2026?"
2026-09-24 01:23:12,1790205792360,175,0,0,0,1.001,-0.1,1.01,"Putin out as President of Russia by September 30, 2026?"
2026-09-24 01:28:16,1790206096174,173,0,0,0,1.001,-0.1,1.01,"Putin out as President of Russia by September 30, 2026?"
2026-09-24 01:33:20,1790206400013,173,0,0,0,1.001,-0.1,1.01,"Putin out as President of Russia by September 30, 2026?"
2026-09-24 01:38:23,1790206703889,173,0,0,0,1.001,-0.1,1.01,"Putin out as President of Russia by September 30, 2026?"
2026-09-24 01:43:27,1790207007654,173,0,0,0,1.001,-0.1,1.01,"Putin out as President of Russia by September 30, 2026?"
2026-09-24 01:48:31,1790207311561,173,0,0,0,1.001,-0.1,1.01,"Putin out as President of Russia by September 30, 2026?"
2026-09-24 01:53:35,1790207615537,173,0,0,0,1.001,-0.1,1.01,"Putin out as President of Russia by September 30, 2026?"
2026-09-24 01:58:07,1790207887294,179,0,0,0,1.001,-0.1,1.01,"Putin out as President of Russia by September 30, 2026?"
2026-09-24 02:03:11,1790208191085,180,0,0,0,1.001,-0.1,1.01,"Putin out as President of Russia by September 30, 2026?"
2026-09-24 02:08:14,1790208494771,179,0,0,0,1.001,-0.1,1.01,"Putin out as President of Russia by September 30, 2026?"
2026-09-24 02:13:18,1790208798714,179,0,0,0,1.001,-0.1,1.01,"Putin out as President of Russia by September 30, 2026?"
2026-09-24 02:18:22,1790209102513,179,0,0,0,1.001,-0.1,1.01,"Putin out as President of Russia by September 30, 2026?"
2026-09-24 02:23:26,1790209406287,178,0,0,0,1.001,-0.1,1.01,"Putin out as President of Russia by September 30, 2026?"
2026-09-24 02:28:30,1790209710218,178,0,0,0,1.001,-0.1,1.01,"Putin out as President of Russia by September 30, 2026?"
2026-09-24 02:33:34,1790210014132,177,0,0,0,1.001,-0.1,1.01,"Putin out as President of Russia by September 30, 2026?"
2026-09-24 02:38:38,1790210318035,177,0,0,0,1.001,-0.1,1.01,"Putin out as President of Russia by September 30, 2026?"
2026-09-24 02:43:41,1790210621844,177,0,0,0,1.001,-0.1,1.01,"Putin out as President of Russia by September 30, 2026?"
2026-09-24 02:48:45,1790210925681,175,0,0,0,1.001,-0.1,1.01,"Putin out as President of Russia by September 30, 2026?"
2026-09-24 02:53:49,1790211229509,176,0,0,0,1.001,-0.1,1.01,"Putin out as President of Russia by September 30, 2026?"
2026-09-24 02:58:21,1790211501779,183,0,0,0,1.001,-0.1,1.01,"Putin out as President of Russia by September 30, 2026?"
2026-09-24 03:03:25,1790211805575,182,0,0,0,1.001,-0.1,1.01,"Putin out as President of Russia by September 30, 2026?"
2026-09-24 03:08:29,1790212109461,181,0,0,0,1.001,-0.1,1.01,"Putin out as President of Russia by September 30, 2026?"
2026-09-24 03:13:33,1790212413434,180,0,0,0,1.001,-0.1,1.01,"Putin out as President of Russia by September 30, 2026?"
2026-09-24 03:18:37,1790212717374,176,0,0,0,1.001,-0.1,1.01,Kharg Island no longer under Iranian control by September 30?
2026-09-24 03:23:41,1790213021377,176,0,0,0,1.001,-0.1,1.01,"Putin out as President of Russia by September 30, 2026?"
2026-09-24 03:28:45,1790213325199,175,0,0,0,1.001,-0.1,1.01,"Putin out as President of Russia by September 30, 2026?"
2026-09-24 03:33:48,1790213628926,166,0,0,0,1.001,-0.1,1.01,"Putin out as President of Russia by September 30, 2026?"
2026-09-24 03:38:52,1790213932814,169,0,0,0,1.001,-0.1,1.01,"Putin out as President of Russia by September 30, 2026?"
2026-09-24 03:43:56,1790214236692,167,0,0,0,1.001,-0.1,1.01,"Putin out as President of Russia by September 30, 2026?"
2026-09-24 03:49:00,1790214540532,166,0,0,0,1.001,-0.1,1.01,"Putin out as President of Russia by September 30, 2026?"
2026-09-24 03:54:04,1790214844331,165,0,0,0,1.001,-0.1,1.01,"Putin out as President of Russia by September 30, 2026?"
2026-09-24 03:58:36,1790215116495,179,0,0,0,1.001,-0.1,1.01,"Putin out as President of Russia by September 30, 2026?"
2026-09-24 04:03:40,1790215420280,179,0,0,0,1.001,-0.1,1.01,"Putin out as President of Russia by September 30, 2026?"
2026-09-24 04:08:43,1790215723976,178,0,0,0,1.001,-0.1,1.01,"Putin out as President of Russia by September 30, 2026?"
2026-09-24 04:13:47,1790216027761,175,0,0,0,1.001,-0.1,1.01,"Putin out as President of Russia by September 30, 2026?"
2026-09-24 04:18:51,1790216331569,175,0,0,0,1.001,-0.1,1.01,"Putin out as President of Russia by September 30, 2026?"
2026-09-24 04:23:55,1790216635311,174,0,0,0,1.001,-0.1,1.01,"Putin out as President of Russia by September 30, 2026?"
2026-09-24 04:28:59,1790216939176,171,0,0,0,1.001,-0.1,1.01,"Putin out as President of Russia by September 30, 2026?"
2026-09-24 04:34:03,1790217243095,171,0,0,0,1.001,-0.1,1.01,"Putin out as President of Russia by September 30, 2026?"
2026-09-24 04:39:07,1790217547025,166,0,0,0,1.001,-0.1,1.01,"Putin out as President of Russia by September 30, 2026?"
2026-09-24 04:44:10,1790217850784,166,0,0,0,1.001,-0.1,1.01,"Putin out as President of Russia by September 30, 2026?"
2026-09-24 04:49:14,1790218154492,166,0,0,0,1.001,-0.1,1.01,"Putin out as President of Russia by September 30, 2026?"
2026-09-24 04:54:18,1790218458266,166,0,0,0,1.001,-0.1,1.01,"Putin out as President of Russia by September 30, 2026?"
2026-09-24 04:58:50,1790218730829,180,0,0,0,1.001,-0.1,1.01,"Putin out as President of Russia by September 30, 2026?"
2026-09-24 05:03:54,1790219034593,180,0,0,0,1.001,-0.1,1.01,"Putin out as President of Russia by September 30, 2026?"
2026-09-24 05:08:58,1790219338281,176,0,0,0,1.001,-0.1,1.01,Kharg Island no longer under Iranian control by September 30?
2026-09-24 05:14:02,1790219642011,176,0,0,0,1.001,-0.1,1.01,Kharg Island no longer under Iranian control by September 30?
2026-09-24 05:19:05,1790219945854,173,0,0,0,1.001,-0.1,1.01,Kharg Island no longer under Iranian control by September 30?
2026-09-24 05:24:09,1790220249681,174,0,0,0,1.001,-0.1,1.01,Kharg Island no longer under Iranian control by September 30?
2026-09-24 05:29:13,1790220553584,171,0,0,0,1.001,-0.1,1.01,Kharg Island no longer under Iranian control by September 30?
2026-09-24 05:34:17,1790220857447,171,0,0,0,1.001,-0.1,1.01,Kharg Island no longer under Iranian control by September 30?
2026-09-24 05:39:21,1790221161235,170,0,0,0,1.001,-0.1,1.01,Kharg Island no longer under Iranian control by September 30?
2026-09-24 05:44:24,1790221464938,170,0,0,0,1.001,-0.1,1.01,Kharg Island no longer under Iranian control by September 30?
2026-09-24 05:49:28,1790221768737,170,0,0,0,1.001,-0.1,1.01,Kharg Island no longer under Iranian control by September 30?
2026-09-24 05:54:32,1790222072518,167,0,0,0,1.001,-0.1,1.01,Kharg Island no longer under Iranian control by September 30?
2026-09-24 05:59:05,1790222345144,173,0,0,0,1.001,-0.1,1.01,Kharg Island no longer under Iranian control by September 30?
2026-09-24 06:04:08,1790222648921,171,0,0,0,1.001,-0.1,1.01,Kharg Island no longer under Iranian control by September 30?
2026-09-24 06:09:12,1790222952678,170,0,0,0,1.001,-0.1,1.01,Kharg Island no longer under Iranian control by September 30?
2026-09-24 06:14:16,1790223256456,169,0,0,0,1.001,-0.1,1.01,Kharg Island no longer under Iranian control by September 30?
2026-09-24 06:19:20,1790223560298,169,0,0,0,1.001,-0.1,1.01,Kharg Island no longer under Iranian control by September 30?
2026-09-24 06:24:24,1790223864154,166,0,0,0,1.001,-0.1,1.01,Kharg Island no longer under Iranian control by September 30?
2026-09-24 06:29:27,1790224167998,166,0,0,0,1.001,-0.1,1.01,Kharg Island no longer under Iranian control by September 30?
2026-09-24 06:34:31,1790224471940,166,0,0,0,1.001,-0.1,1.01,Kharg Island no longer under Iranian control by September 30?
2026-09-24 06:39:35,1790224775810,166,0,0,0,1.001,-0.1,1.01,Kharg Island no longer under Iranian control by September 30?
2026-09-24 06:44:39,1790225079694,165,0,0,0,1.001,-0.1,1.01,Kharg Island no longer under Iranian control by September 30?
2026-09-24 06:49:43,1790225383444,164,0,0,0,1.001,-0.1,1.01,Kharg Island no longer under Iranian control by September 30?
2026-09-24 06:54:47,1790225687311,163,0,0,0,1.001,-0.1,1.01,Kharg Island no longer under Iranian control by September 30?
2026-09-24 06:59:19,1790225959366,175,0,0,0,1.001,-0.1,1.01,Kharg Island no longer under Iranian control by September 30?
2026-09-24 07:04:23,1790226263181,174,0,0,0,1.001,-0.1,1.01,Kharg Island no longer under Iranian control by September 30?
2026-09-24 07:09:26,1790226566997,174,0,0,0,1.001,-0.1,1.01,Kharg Island no longer under Iranian control by September 30?
2026-09-24 07:14:30,1790226870918,173,0,0,0,1.001,-0.1,1.01,Kharg Island no longer under Iranian control by September 30?
2026-09-24 07:19:34,1790227174985,170,0,0,0,1.001,-0.1,1.01,Kharg Island no longer under Iranian control by September 30?
2026-09-24 07:24:38,1790227478947,170,0,0,0,1.001,-0.1,1.01,Kharg Island no longer under Iranian control by September 30?
2026-09-24 07:29:42,1790227782737,170,0,0,0,1.001,-0.1,1.01,Kharg Island no longer under Iranian control by September 30?
2026-09-24 07:34:46,1790228086576,167,0,0,0,1.001,-0.1,1.01,Kharg Island no longer under Iranian control by September 30?
2026-09-24 07:39:50,1790228390360,167,0,0,0,1.001,-0.1,1.01,Kharg Island no longer under Iranian control by September 30?
2026-09-24 07:44:54,1790228694162,167,0,0,0,1.001,-0.1,1.01,Kharg Island no longer under Iranian control by September 30?
2026-09-24 07:49:57,1790228997964,167,0,0,0,1.001,-0.1,1.01,Kharg Island no longer under Iranian control by September 30?
2026-09-24 07:55:01,1790229301794,166,0,0,0,1.001,-0.1,1.01,Kharg Island no longer under Iranian control by September 30?
2026-09-24 07:59:34,1790229574044,181,0,0,0,1.001,-0.1,1.01,Kharg Island no longer under Iranian control by September 30?
2026-09-24 08:04:38,1790229878138,180,0,0,0,1.001,-0.1,1.01,Kharg Island no longer under Iranian control by September 30?
2026-09-24 08:09:42,1790230182037,180,0,0,0,1.001,-0.1,1.01,Kharg Island no longer under Iranian control by September 30?
2026-09-24 08:14:45,1790230485861,180,0,0,0,1.001,-0.1,1.01,Kharg Island no longer under Iranian control by September 30?
2026-09-24 08:19:49,1790230789719,180,0,0,0,1.001,-0.1,1.01,Kharg Island no longer under Iranian control by September 30?
2026-09-24 08:24:53,1790231093792,179,0,0,0,1.001,-0.1,1.01,Kharg Island no longer under Iranian control by September 30?
2026-09-24 08:29:57,1790231397699,179,0,0,0,1.001,-0.1,1.01,Kharg Island no longer under Iranian control by September 30?
2026-09-24 08:35:01,1790231701528,179,0,0,0,1.001,-0.1,1.01,Kharg Island no longer under Iranian control by September 30?
2026-09-24 08:40:05,1790232005395,179,0,0,0,1.001,-0.1,1.01,Kharg Island no longer under Iranian control by September 30?
2026-09-24 08:45:09,1790232309340,177,0,0,0,1.001,-0.1,1.01,Kharg Island no longer under Iranian control by September 30?
2026-09-24 08:50:13,1790232613288,177,0,0,0,1.001,-0.1,1.01,Kharg Island no longer under Iranian control by September 30?
2026-09-24 08:55:17,1790232917080,178,0,0,0,1.001,-0.1,1.01,Kharg Island no longer under Iranian control by September 30?
2026-09-24 08:59:48,1790233188377,182,0,0,0,1.001,-0.1,1.01,Kharg Island no longer under Iranian control by September 30?
2026-09-24 09:04:52,1790233492201,182,0,0,0,1.001,-0.1,1.01,Kharg Island no longer under Iranian control by September 30?
2026-09-24 09:09:56,1790233796019,182,0,0,0,1.001,-0.1,1.01,Kharg Island no longer under Iranian control by September 30?
2026-09-24 09:14:59,1790234099800,181,0,0,0,1.001,-0.1,1.01,Kharg Island no longer under Iranian control by September 30?
2026-09-24 09:20:03,1790234403786,181,0,0,0,1.001,-0.1,1.01,Kharg Island no longer under Iranian control by September 30?
2026-09-24 09:25:07,1790234707537,179,0,0,0,1.001,-0.1,1.01,Kharg Island no longer under Iranian control by September 30?
2026-09-24 09:30:11,1790235011566,179,0,0,0,1.001,-0.1,1.01,Kharg Island no longer under Iranian control by September 30?
2026-09-24 09:35:15,1790235315333,179,0,0,0,1.001,-0.1,1.01,Kharg Island no longer under Iranian control by September 30?
2026-09-24 09:40:19,1790235619129,179,0,0,0,1.001,-0.1,1.01,Kharg Island no longer under Iranian control by September 30?
2026-09-24 09:45:23,1790235923020,178,0,0,0,1.001,-0.1,1.01,Kharg Island no longer under Iranian control by September 30?
2026-09-24 09:50:26,1790236226779,178,0,0,0,1.001,-0.1,1.01,Kharg Island no longer under Iranian control by September 30?
2026-09-24 09:55:30,1790236530666,178,0,0,0,1.001,-0.1,1.01,Kharg Island no longer under Iranian control by September 30?
2026-09-24 10:00:02,1790236802698,184,0,0,0,1.001,-0.1,1.01,Kharg Island no longer under Iranian control by September 30?
2026-09-24 10:05:06,1790237106648,184,0,0,0,1.001,-0.1,1.01,Kharg Island no longer under Iranian control by September 30?
2026-09-24 10:10:10,1790237410707,183,0,0,0,1.001,-0.1,1.01,Kharg Island no longer under Iranian control by September 30?
2026-09-24 10:15:14,1790237714653,182,0,0,0,1.001,-0.1,1.01,Kharg Island no longer under Iranian control by September 30?
2026-09-24 10:20:18,1790238018499,181,0,0,0,1.001,-0.1,1.01,Kharg Island no longer under Iranian control by September 30?
2026-09-24 10:25:22,1790238322408,181,0,0,0,1.001,-0.1,1.01,Kharg Island no longer under Iranian control by September 30?
2026-09-24 10:30:26,1790238626249,181,0,0,0,1.001,-0.1,1.01,Kharg Island no longer under Iranian control by September 30?
2026-09-24 10:35:30,1790238930332,181,0,0,0,1.001,-0.1,1.01,Kharg Island no longer under Iranian control by September 30?
2026-09-24 10:40:34,1790239234351,181,0,0,0,1.001,-0.1,1.01,Kharg Island no longer under Iranian control by September 30?
2026-09-24 10:45:38,1790239538493,181,0,0,0,1.001,-0.1,1.01,Kharg Island no longer under Iranian control by September 30?
2026-09-24 10:50:42,1790239842413,181,0,0,0,1.001,-0.1,1.01,Kharg Island no longer under Iranian control by September 30?
2026-09-24 10:55:46,1790240146263,181,0,0,0,1.001,-0.1,1.01,Kharg Island no longer under Iranian control by September 30?
2026-09-24 11:00:17,1790240417630,183,0,0,0,1.001,-0.1,1.01,Kharg Island no longer under Iranian control by September 30?
2026-09-24 11:05:21,1790240721521,180,0,0,0,1.001,-0.1,1.01,Kharg Island no longer under Iranian control by September 30?
2026-09-24 11:10:25,1790241025532,178,0,0,0,1.001,-0.1,1.01,Kharg Island no longer under Iranian control by September 30?
2026-09-24 11:15:29,1790241329452,178,0,0,0,1.001,-0.1,1.01,Kharg Island no longer under Iranian control by September 30?
2026-09-24 11:20:33,1790241633569,177,0,0,0,1.001,-0.1,1.01,Kharg Island no longer under Iranian control by September 30?
2026-09-24 11:25:37,1790241937540,176,0,0,0,1.001,-0.1,1.01,Kharg Island no longer under Iranian control by September 30?
2026-09-24 11:30:41,1790242241455,177,0,0,0,1.001,-0.1,1.01,Kharg Island no longer under Iranian control by September 30?
2026-09-24 11:35:45,1790242545470,177,0,0,0,1.001,-0.1,1.01,Kharg Island no longer under Iranian control by September 30?
2026-09-24 11:40:49,1790242849381,177,0,0,0,1.001,-0.1,1.01,Kharg Island no longer under Iranian control by September 30?
2026-09-24 11:45:53,1790243153215,177,0,0,0,1.001,-0.1,1.01,Kharg Island no longer under Iranian control by September 30?
2026-09-24 11:50:57,1790243457011,177,0,0,0,1.001,-0.1,1.01,Kharg Island no longer under Iranian control by September 30?
2026-09-24 11:56:00,1790243760977,175,0,0,0,1.001,-0.1,1.01,Kharg Island no longer under Iranian control by September 30?
2026-09-24 12:00:32,1790244032481,180,0,0,0,1.001,-0.1,1.01,Kharg Island no longer under Iranian control by September 30?
2026-09-24 12:05:36,1790244336514,180,0,0,0,1.001,-0.1,1.01,Kharg Island no longer under Iranian control by September 30?
2026-09-24 12:10:40,1790244640555,180,0,0,0,1.001,-0.1,1.01,Kharg Island no longer under Iranian control by September 30?
2026-09-24 12:15:44,1790244944584,178,0,0,0,1.001,-0.1,1.01,Kharg Island no longer under Iranian control by September 30?
2026-09-24 12:20:48,1790245248545,178,0,0,0,1.001,-0.1,1.01,Kharg Island no longer under Iranian control by September 30?
2026-09-24 12:25:52,1790245552655,178,0,0,0,1.001,-0.1,1.01,Kharg Island no longer under Iranian control by September 30?
2026-09-24 12:30:56,1790245856598,177,0,0,0,1.001,-0.1,1.01,Kharg Island no longer under Iranian control by September 30?
2026-09-24 12:36:00,1790246160420,175,0,0,0,1.001,-0.1,1.01,Kharg Island no longer under Iranian control by September 30?
2026-09-24 12:41:04,1790246464352,175,0,0,0,1.001,-0.1,1.01,Kharg Island no longer under Iranian control by September 30?
2026-09-24 12:46:08,1790246768258,174,0,0,0,1.001,-0.1,1.01,Kharg Island no longer under Iranian control by September 30?
2026-09-24 12:51:12,1790247072167,173,0,0,0,1.001,-0.1,1.01,Kharg Island no longer under Iranian control by September 30?
2026-09-24 12:56:16,1790247376164,173,0,0,0,1.001,-0.1,1.01,Kharg Island no longer under Iranian control by September 30?
2026-09-24 13:00:47,1790247647678,180,0,0,0,1.001,-0.1,1.01,Kharg Island no longer under Iranian control by September 30?
2026-09-24 13:05:51,1790247951558,179,0,0,0,1.001,-0.1,1.01,Kharg Island no longer under Iranian control by September 30?
2026-09-24 13:10:55,1790248255475,178,0,0,0,1.001,-0.1,1.01,Kharg Island no longer under Iranian control by September 30?
2026-09-24 13:15:59,1790248559384,177,0,0,0,1.001,-0.1,1.01,Kharg Island no longer under Iranian control by September 30?
2026-09-24 13:21:03,1790248863174,177,0,0,0,1.001,-0.1,1.01,Kharg Island no longer under Iranian control by September 30?
2026-09-24 13:26:07,1790249167018,177,0,0,0,1.001,-0.1,1.01,Kharg Island no longer under Iranian control by September 30?
2026-09-24 13:31:11,1790249471024,176,0,0,0,1.001,-0.1,1.01,Kharg Island no longer under Iranian control by September 30?
2026-09-24 13:36:15,1790249775014,175,0,0,0,1.001,-0.1,1.01,Kharg Island no longer under Iranian control by September 30?
2026-09-24 13:41:18,1790250078992,175,0,0,0,1.001,-0.1,1.01,Kharg Island no longer under Iranian control by September 30?
2026-09-24 13:46:22,1790250382850,175,0,0,0,1.001,-0.1,1.01,Kharg Island no longer under Iranian control by September 30?
2026-09-24 13:51:26,1790250686754,175,0,0,0,1.001,-0.1,1.01,Kharg Island no longer under Iranian control by September 30?
2026-09-24 13:56:30,1790250990796,175,0,0,0,1.001,-0.1,1.01,Kharg Island no longer under Iranian control by September 30?
2026-09-24 14:01:02,1790251262614,179,0,0,0,1.001,-0.1,1.01,Kharg Island no longer under Iranian control by September 30?
2026-09-24 14:06:06,1790251566659,175,0,0,0,1.001,-0.1,1.01,Kharg Island no longer under Iranian control by September 30?
2026-09-24 14:11:10,1790251870721,174,0,0,0,1.001,-0.1,1.01,Kharg Island no longer under Iranian control by September 30?
2026-09-24 14:16:14,1790252174744,174,0,0,0,1.001,-0.1,1.01,Kharg Island no longer under Iranian control by September 30?
2026-09-24 14:21:18,1790252478630,173,0,0,0,1.001,-0.1,1.01,Kharg Island no longer under Iranian control by September 30?
2026-09-24 14:26:22,1790252782487,172,0,0,0,1.001,-0.1,1.01,Kharg Island no longer under Iranian control by September 30?
2026-09-24 14:31:26,1790253086532,171,0,0,0,1.001,-0.1,1.01,Kharg Island no longer under Iranian control by September 30?
2026-09-24 14:36:30,1790253390568,171,0,0,0,1.001,-0.1,1.01,Kharg Island no longer under Iranian control by September 30?
2026-09-24 14:41:34,1790253694737,169,0,0,0,1.001,-0.1,1.01,Kharg Island no longer under Iranian control by September 30?
2026-09-24 14:46:38,1790253998654,168,0,0,0,1.001,-0.1,1.01,Kharg Island no longer under Iranian control by September 30?
2026-09-24 14:51:42,1790254302555,166,0,0,0,1.001,-0.1,1.01,Kharg Island no longer under Iranian control by September 30?
2026-09-24 14:56:46,1790254606433,166,0,0,0,1.001,-0.1,1.01,Kharg Island no longer under Iranian control by September 30?
2026-09-24 15:01:17,1790254877435,168,0,0,0,1.001,-0.1,1.01,Kharg Island no longer under Iranian control by September 30?
2026-09-24 15:06:21,1790255181473,167,0,0,0,1.001,-0.1,1.01,Kharg Island no longer under Iranian control by September 30?
2026-09-24 15:11:25,1790255485472,166,0,0,0,1.001,-0.1,1.01,Kharg Island no longer under Iranian control by September 30?
2026-09-24 15:16:29,1790255789370,166,0,0,0,1.001,-0.1,1.01,Kharg Island no longer under Iranian control by September 30?
2026-09-24 15:21:33,1790256093758,166,0,0,0,1.001,-0.1,1.01,Kharg Island no longer under Iranian control by September 30?
2026-09-24 15:26:37,1790256397715,165,0,0,0,1.001,-0.1,1.01,Kharg Island no longer under Iranian control by September 30?
2026-09-24 15:31:41,1790256701655,165,0,0,0,1.001,-0.1,1.01,Kharg Island no longer under Iranian control by September 30?
2026-09-24 15:36:45,1790257005601,164,0,0,0,1.001,-0.1,1.01,Kharg Island no longer under Iranian control by September 30?
2026-09-24 15:41:49,1790257309593,164,0,0,0,1.001,-0.1,1.01,Kharg Island no longer under Iranian control by September 30?
2026-09-24 15:46:53,1790257613558,164,0,0,0,1.001,-0.1,1.01,Kharg Island no longer under Iranian control by September 30?
2026-09-24 15:51:57,1790257917584,162,0,0,0,1.001,-0.1,1.01,Kharg Island no longer under Iranian control by September 30?
2026-09-24 15:57:01,1790258221565,162,0,0,0,1.001,-0.1,1.01,Kharg Island no longer under Iranian control by September 30?
2026-09-24 16:01:32,1790258492312,162,0,0,0,1.001,-0.1,1.01,Kharg Island no longer under Iranian control by September 30?
2026-09-24 16:06:36,1790258796386,161,0,0,0,1.001,-0.1,1.01,Kharg Island no longer under Iranian control by September 30?
2026-09-24 16:11:40,1790259100202,160,0,0,0,1.001,-0.1,1.01,Kharg Island no longer under Iranian control by September 30?
2026-09-24 16:16:44,1790259404216,160,0,0,0,1.001,-0.1,1.01,Kharg Island no longer under Iranian control by September 30?
2026-09-24 16:21:48,1790259708020,159,0,0,0,1.001,-0.1,1.01,Kharg Island no longer under Iranian control by September 30?
2026-09-24 16:26:52,1790260012094,159,0,0,0,1.001,-0.1,1.01,Kharg Island no longer under Iranian control by September 30?
2026-09-24 16:31:56,1790260316414,157,0,0,0,1.001,-0.1,1.01,Kharg Island no longer under Iranian control by September 30?
2026-09-24 16:37:00,1790260620328,158,0,0,0,1.001,-0.1,1.01,Kharg Island no longer under Iranian control by September 30?
2026-09-24 16:42:04,1790260924355,158,0,0,0,1.001,-0.1,1.01,Kharg Island no longer under Iranian control by September 30?
2026-09-25 03:46:10,1790300770592,188,0,0,0,1.001,-0.1,1.01,Will China invade Taiwan by end of 2026?
2026-09-25 16:44:00,1790347440786,175,0,0,0,1.001,-0.1,1.01,Strait of Hormuz traffic returns to normal by September 30?
2026-09-25 16:49:04,1790347744587,175,0,0,0,1.001,-0.1,1.01,Strait of Hormuz traffic returns to normal by September 30?
2026-09-25 16:54:08,1790348048657,175,0,0,0,1.001,-0.1,1.01,Strait of Hormuz traffic returns to normal by September 30?
2026-09-25 16:59:12,1790348352485,175,0,0,0,1.001,-0.1,1.01,Strait of Hormuz traffic returns to normal by September 30?
2026-09-25 17:04:16,1790348656407,174,0,0,0,1.001,-0.1,1.01,Strait of Hormuz traffic returns to normal by September 30?
2026-09-25 17:09:20,1790348960383,173,0,0,0,1.001,-0.1,1.01,Strait of Hormuz traffic returns to normal by September 30?
2026-09-25 17:14:24,1790349264316,172,0,0,0,1.001,-0.1,1.01,Strait of Hormuz traffic returns to normal by September 30?
2026-09-25 17:19:28,1790349568117,170,0,0,0,1.001,-0.1,1.01,Strait of Hormuz traffic returns to normal by September 30?
2026-09-25 17:24:31,1790349871945,170,0,0,0,1.001,-0.1,1.01,Strait of Hormuz traffic returns to normal by September 30?
2026-09-25 17:29:35,1790350175755,167,0,0,0,1.001,-0.1,1.01,Strait of Hormuz traffic returns to normal by September 30?
2026-09-25 17:34:39,1790350479725,164,0,0,0,1.001,-0.1,1.01,Strait of Hormuz traffic returns to normal by September 30?
2026-09-25 17:39:43,1790350783570,164,0,0,0,1.001,-0.1,1.01,Strait of Hormuz traffic returns to normal by September 30?
2026-09-25 17:44:15,1790351055234,170,0,0,0,1.001,-0.1,1.01,Strait of Hormuz traffic returns to normal by September 30?
2026-09-25 17:49:19,1790351359198,167,0,0,0,1.001,-0.1,1.01,Strait of Hormuz traffic returns to normal by September 30?
2026-09-25 17:54:23,1790351663142,164,0,0,0,1.001,-0.1,1.01,Strait of Hormuz traffic returns to normal by September 30?
2026-09-25 17:59:27,1790351967003,159,0,0,0,1.001,-0.1,1.01,Strait of Hormuz traffic returns to normal by September 30?
2026-09-25 18:04:30,1790352270734,156,0,0,0,1.001,-0.1,1.01,Kharg Island no longer under Iranian control by September 30?
2026-09-25 18:09:34,1790352574725,155,0,0,0,1.001,-0.1,1.01,Kharg Island no longer under Iranian control by September 30?
2026-09-25 18:14:38,1790352878759,155,0,0,0,1.001,-0.1,1.01,Kharg Island no longer under Iranian control by September 30?
2026-09-25 18:19:42,1790353182654,155,0,0,0,1.001,-0.1,1.01,Kharg Island no longer under Iranian control by September 30?
2026-09-25 18:24:46,1790353486530,155,0,0,0,1.001,-0.1,1.01,Kharg Island no longer under Iranian control by September 30?
2026-09-25 18:29:50,1790353790454,155,0,0,0,1.001,-0.1,1.01,Kharg Island no longer under Iranian control by September 30?
2026-09-25 18:34:54,1790354094351,153,0,0,0,1.001,-0.1,1.01,Kharg Island no longer under Iranian control by September 30?
2026-09-25 18:39:58,1790354398192,153,0,0,0,1.001,-0.1,1.01,Kharg Island no longer under Iranian control by September 30?
2026-09-25 18:44:29,1790354669655,168,0,0,0,1.001,-0.1,1.01,Kharg Island no longer under Iranian control by September 30?
2026-09-25 18:49:33,1790354973529,167,0,0,0,1.001,-0.1,1.01,Kharg Island no longer under Iranian control by September 30?
2026-09-25 18:54:37,1790355277339,167,0,0,0,1.001,-0.1,1.01,Kharg Island no longer under Iranian control by September 30?
2026-09-25 18:59:41,1790355581259,164,0,0,0,1.001,-0.1,1.01,Kharg Island no longer under Iranian control by September 30?
2026-09-25 19:04:45,1790355885170,163,0,0,0,1.001,-0.1,1.01,Kharg Island no longer under Iranian control by September 30?
2026-09-25 19:09:49,1790356189194,163,0,0,0,1.001,-0.1,1.01,Kharg Island no longer under Iranian control by September 30?
2026-09-25 19:14:53,1790356493084,161,0,0,0,1.001,-0.1,1.01,Kharg Island no longer under Iranian control by September 30?
2026-09-25 19:19:57,1790356797000,160,0,0,0,1.001,-0.1,1.01,Strait of Hormuz traffic returns to normal by September 30?
2026-09-25 19:25:01,1790357101053,159,0,0,0,1.001,-0.1,1.01,Kharg Island no longer under Iranian control by September 30?
2026-09-25 19:30:04,1790357404911,159,0,0,0,1.001,-0.1,1.01,Kharg Island no longer under Iranian control by September 30?
2026-09-25 19:35:08,1790357708995,159,0,0,0,1.001,-0.1,1.01,Strait of Hormuz traffic returns to normal by September 30?
2026-09-25 19:40:12,1790358012983,159,0,0,0,1.001,-0.1,1.01,Strait of Hormuz traffic returns to normal by September 30?
2026-09-25 19:44:44,1790358284283,169,0,0,0,1.001,-0.1,1.01,Strait of Hormuz traffic returns to normal by September 30?
2026-09-25 19:49:48,1790358588233,167,0,0,0,1.001,-0.1,1.01,Strait of Hormuz traffic returns to normal by September 30?
2026-09-25 19:54:52,1790358892155,163,0,0,0,1.001,-0.1,1.01,Strait of Hormuz traffic returns to normal by September 30?
2026-09-25 19:59:56,1790359196092,162,0,0,0,1.001,-0.1,1.01,Kharg Island no longer under Iranian control by September 30?
2026-09-25 20:05:00,1790359500045,158,0,0,0,1.001,-0.1,1.01,Kharg Island no longer under Iranian control by September 30?
2026-09-25 20:10:04,1790359804168,156,0,0,0,1.001,-0.1,1.01,Kharg Island no longer under Iranian control by September 30?
2026-09-25 20:15:08,1790360108088,156,0,0,0,1.001,-0.1,1.01,Kharg Island no longer under Iranian control by September 30?
2026-09-25 20:20:12,1790360412038,156,0,0,0,1.001,-0.1,1.01,Kharg Island no longer under Iranian control by September 30?
2026-09-25 20:25:16,1790360716075,156,0,0,0,1.001,-0.1,1.01,Strait of Hormuz traffic returns to normal by September 30?
2026-09-25 20:30:20,1790361020057,156,0,0,0,1.001,-0.1,1.01,Strait of Hormuz traffic returns to normal by September 30?
2026-09-25 20:35:24,1790361324016,156,0,0,0,1.001,-0.1,1.01,Strait of Hormuz traffic returns to normal by September 30?
2026-09-25 20:40:28,1790361628105,156,0,0,0,1.001,-0.1,1.01,Strait of Hormuz traffic returns to normal by September 30?
2026-09-25 20:44:59,1790361899190,166,0,0,0,1.001,-0.1,1.01,Strait of Hormuz traffic returns to normal by September 30?
2026-09-25 20:50:03,1790362203166,166,0,0,0,1.001,-0.1,1.01,Strait of Hormuz traffic returns to normal by September 30?
2026-09-25 20:55:07,1790362507318,164,0,0,0,1.001,-0.1,1.01,Strait of Hormuz traffic returns to normal by September 30?
2026-09-25 21:00:11,1790362811350,164,0,0,0,1.001,-0.1,1.01,Strait of Hormuz traffic returns to normal by September 30?
2026-09-25 21:05:15,1790363115285,163,0,0,0,1.001,-0.1,1.01,Strait of Hormuz traffic returns to normal by September 30?
2026-09-25 21:10:19,1790363419556,159,0,0,0,1.001,-0.1,1.01,Strait of Hormuz traffic returns to normal by September 30?
2026-09-25 21:15:23,1790363723667,158,0,0,0,1.001,-0.1,1.01,Strait of Hormuz traffic returns to normal by September 30?
2026-09-25 21:20:27,1790364027553,159,0,0,0,1.001,-0.1,1.01,Strait of Hormuz traffic returns to normal by September 30?
2026-09-25 21:25:31,1790364331421,156,0,0,0,1.001,-0.1,1.01,Strait of Hormuz traffic returns to normal by September 30?
2026-09-25 21:30:35,1790364635324,155,0,0,0,1.001,-0.1,1.01,Strait of Hormuz traffic returns to normal by September 30?
2026-09-25 21:35:39,1790364939263,156,0,0,0,1.001,-0.1,1.01,Strait of Hormuz traffic returns to normal by September 30?
2026-09-25 21:40:43,1790365243078,155,0,0,0,1.001,-0.1,1.01,Strait of Hormuz traffic returns to normal by September 30?
2026-09-25 21:45:13,1790365513688,155,0,0,0,1.001,-0.1,1.01,Strait of Hormuz traffic returns to normal by September 30?
2026-09-25 21:50:12,1790365812277,153,0,0,0,1.001,-0.1,1.01,Strait of Hormuz traffic returns to normal by September 30?
2026-09-25 21:55:16,1790366116217,152,0,0,0,1.001,-0.1,1.01,Strait of Hormuz traffic returns to normal by September 30?
2026-09-25 22:00:20,1790366420212,152,0,0,0,1.001,-0.1,1.01,Strait of Hormuz traffic returns to normal by September 30?
2026-09-25 22:05:24,1790366724220,149,0,0,0,1.001,-0.1,1.01,Strait of Hormuz traffic returns to normal by September 30?
2026-09-25 22:10:28,1790367028023,149,0,0,0,1.001,-0.1,1.01,Strait of Hormuz traffic returns to normal by September 30?
2026-09-25 22:15:31,1790367331759,149,0,0,0,1.001,-0.1,1.01,Strait of Hormuz traffic returns to normal by September 30?
2026-09-25 22:20:35,1790367635801,149,0,0,0,1.001,-0.1,1.01,Strait of Hormuz traffic returns to normal by September 30?
2026-09-25 22:25:39,1790367939680,148,0,0,0,1.001,-0.1,1.01,Strait of Hormuz traffic returns to normal by September 30?
2026-09-25 22:30:43,1790368243777,147,0,0,0,1.001,-0.1,1.01,Strait of Hormuz traffic returns to normal by September 30?
2026-09-25 22:35:47,1790368547658,145,0,0,0,1.001,-0.1,1.01,Strait of Hormuz traffic returns to normal by September 30?
2026-09-25 22:40:51,1790368851391,136,0,0,0,1.001,-0.1,1.01,Strait of Hormuz traffic returns to normal by September 30?
2026-09-25 22:45:28,1790369128859,145,0,0,0,1.001,-0.1,1.01,Strait of Hormuz traffic returns to normal by September 30?
2026-09-25 22:50:32,1790369432844,144,0,0,0,1.001,-0.1,1.01,Strait of Hormuz traffic returns to normal by September 30?
2026-09-25 22:55:36,1790369736987,143,0,0,0,1.001,-0.1,1.01,Strait of Hormuz traffic returns to normal by September 30?
2026-09-25 23:00:41,1790370041065,141,0,0,0,1.001,-0.1,1.01,Strait of Hormuz traffic returns to normal by September 30?
2026-09-25 23:05:45,1790370345035,139,0,0,0,1.001,-0.1,1.01,Strait of Hormuz traffic returns to normal by September 30?
2026-09-25 23:10:48,1790370648978,138,0,0,0,1.001,-0.1,1.01,Strait of Hormuz traffic returns to normal by September 30?
2026-09-25 23:15:52,1790370952986,138,0,0,0,1.001,-0.1,1.01,Strait of Hormuz traffic returns to normal by September 30?
2026-09-25 23:20:56,1790371256659,138,0,0,0,1.001,-0.1,1.01,Strait of Hormuz traffic returns to normal by September 30?
2026-09-25 23:26:00,1790371560583,138,0,0,0,1.001,-0.1,1.01,Strait of Hormuz traffic returns to normal by September 30?
2026-09-25 23:31:04,1790371864672,138,0,0,0,1.001,-0.1,1.01,Strait of Hormuz traffic returns to normal by September 30?
2026-09-25 23:36:08,1790372168431,138,0,0,0,1.001,-0.1,1.01,Strait of Hormuz traffic returns to normal by September 30?
2026-09-25 23:41:12,1790372472175,138,0,0,0,1.001,-0.1,1.01,Strait of Hormuz traffic returns to normal by September 30?
2026-09-25 23:45:43,1790372743469,144,0,0,0,1.001,-0.1,1.01,Strait of Hormuz traffic returns to normal by September 30?
2026-09-25 23:50:47,1790373047237,139,0,0,0,1.001,-0.1,1.01,Strait of Hormuz traffic returns to normal by September 30?
2026-09-25 23:55:51,1790373351174,139,0,0,0,1.001,-0.1,1.01,Strait of Hormuz traffic returns to normal by September 30?
2026-09-26 00:00:55,1790373655536,139,0,0,0,1.001,-0.1,1.01,Strait of Hormuz traffic returns to normal by September 30?
2026-09-26 00:05:59,1790373959358,140,0,0,0,1.001,-0.1,1.01,Strait of Hormuz traffic returns to normal by September 30?
2026-09-26 00:11:03,1790374263069,140,0,0,0,1.001,-0.1,1.01,Strait of Hormuz traffic returns to normal by September 30?
2026-09-26 00:16:06,1790374566902,140,0,0,0,1.001,-0.1,1.01,Strait of Hormuz traffic returns to normal by September 30?
2026-09-26 00:21:10,1790374870771,140,0,0,0,1.001,-0.1,1.01,Strait of Hormuz traffic returns to normal by September 30?
2026-09-26 00:26:14,1790375174725,140,0,0,0,1.001,-0.1,1.01,Strait of Hormuz traffic returns to normal by September 30?
2026-09-26 00:31:18,1790375478613,140,0,0,0,1.001,-0.1,1.01,Strait of Hormuz traffic returns to normal by September 30?
2026-09-26 00:36:22,1790375782285,140,0,0,0,1.001,-0.1,1.01,Strait of Hormuz traffic returns to normal by September 30?
2026-09-26 00:41:26,1790376086179,140,0,0,0,1.001,-0.1,1.01,Strait of Hormuz traffic returns to normal by September 30?
2026-09-26 00:45:57,1790376357747,157,0,0,0,1.001,-0.1,1.01,Strait of Hormuz traffic returns to normal by September 30?
2026-09-26 00:51:01,1790376661879,157,0,0,0,1.001,-0.1,1.01,Strait of Hormuz traffic returns to normal by September 30?
2026-09-26 00:56:05,1790376965649,153,0,0,0,1.001,-0.1,1.01,Strait of Hormuz traffic returns to normal by September 30?
2026-09-26 01:01:09,1790377269604,152,0,0,0,1.001,-0.1,1.01,Strait of Hormuz traffic returns to normal by September 30?
2026-09-26 01:06:13,1790377573475,151,0,0,0,1.001,-0.1,1.01,Strait of Hormuz traffic returns to normal by September 30?
2026-09-26 01:11:17,1790377877367,149,0,0,0,1.001,-0.1,1.01,Strait of Hormuz traffic returns to normal by September 30?
2026-09-26 01:16:21,1790378181092,150,0,0,0,1.001,-0.1,1.01,Strait of Hormuz traffic returns to normal by September 30?
2026-09-26 01:21:24,1790378484771,145,0,0,0,1.001,-0.1,1.01,Strait of Hormuz traffic returns to normal by September 30?
2026-09-26 01:26:28,1790378788489,143,0,0,0,1.001,-0.1,1.01,Strait of Hormuz traffic returns to normal by September 30?
2026-09-26 01:31:32,1790379092169,143,0,0,0,1.001,-0.1,1.01,Strait of Hormuz traffic returns to normal by September 30?
2026-09-26 01:36:35,1790379395929,141,0,0,0,1.001,-0.1,1.01,Strait of Hormuz traffic returns to normal by September 30?
2026-09-26 01:41:39,1790379699707,142,0,0,0,1.001,-0.1,1.01,Strait of Hormuz traffic returns to normal by September 30?
2026-09-26 01:46:12,1790379972256,179,0,0,0,1.001,-0.1,1.01,Strait of Hormuz traffic returns to normal by September 30?
2026-09-26 01:51:16,1790380276179,178,0,0,0,1.001,-0.1,1.01,Strait of Hormuz traffic returns to normal by September 30?
2026-09-26 01:56:19,1790380579941,177,0,0,0,1.001,-0.1,1.01,Strait of Hormuz traffic returns to normal by September 30?
2026-09-26 02:01:23,1790380883743,177,0,0,0,1.001,-0.1,1.01,Strait of Hormuz traffic returns to normal by September 30?
2026-09-26 02:06:27,1790381187587,174,0,0,0,1.001,-0.1,1.01,Strait of Hormuz traffic returns to normal by September 30?
2026-09-26 02:11:31,1790381491460,174,0,0,0,1.001,-0.1,1.01,Strait of Hormuz traffic returns to normal by September 30?
2026-09-26 02:16:35,1790381795275,173,0,0,0,1.001,-0.1,1.01,Strait of Hormuz traffic returns to normal by September 30?
2026-09-26 02:21:39,1790382099217,173,0,0,0,1.001,-0.1,1.01,Strait of Hormuz traffic returns to normal by September 30?
2026-09-26 02:26:43,1790382403108,172,0,0,0,1.001,-0.1,1.01,Strait of Hormuz traffic returns to normal by September 30?
2026-09-26 02:31:47,1790382707205,172,0,0,0,1.001,-0.1,1.01,Strait of Hormuz traffic returns to normal by September 30?
2026-09-26 02:36:51,1790383011152,172,0,0,0,1.001,-0.1,1.01,Strait of Hormuz traffic returns to normal by September 30?
2026-09-26 02:41:54,1790383314999,171,0,0,0,1.001,-0.1,1.01,Strait of Hormuz traffic returns to normal by September 30?
2026-09-26 02:46:26,1790383586300,176,0,0,0,1.001,-0.1,1.01,Strait of Hormuz traffic returns to normal by September 30?
2026-09-26 02:51:29,1790383889998,176,0,0,0,1.001,-0.1,1.01,Strait of Hormuz traffic returns to normal by September 30?
2026-09-26 02:56:33,1790384193708,174,0,0,0,1.001,-0.1,1.01,Strait of Hormuz traffic returns to normal by September 30?
2026-09-26 03:01:37,1790384497371,175,0,0,0,1.001,-0.1,1.01,Strait of Hormuz traffic returns to normal by September 30?
2026-09-26 03:06:41,1790384801060,174,0,0,0,1.001,-0.1,1.01,Strait of Hormuz traffic returns to normal by September 30?
2026-09-26 03:11:44,1790385104815,172,0,0,0,1.001,-0.1,1.01,Strait of Hormuz traffic returns to normal by September 30?
2026-09-26 03:16:48,1790385408646,170,0,0,0,1.001,-0.1,1.01,Strait of Hormuz traffic returns to normal by September 30?
2026-09-26 03:21:52,1790385712780,170,0,0,0,1.001,-0.1,1.01,Strait of Hormuz traffic returns to normal by September 30?
2026-09-26 03:26:56,1790386016447,170,0,0,0,1.001,-0.1,1.01,Strait of Hormuz traffic returns to normal by September 30?
2026-09-26 03:32:00,1790386320217,170,0,0,0,1.001,-0.1,1.01,Strait of Hormuz traffic returns to normal by September 30?
2026-09-26 03:37:03,1790386623898,169,0,0,0,1.001,-0.1,1.01,Strait of Hormuz traffic returns to normal by September 30?
2026-09-26 03:42:07,1790386927747,168,0,0,0,1.001,-0.1,1.01,Strait of Hormuz traffic returns to normal by September 30?
2026-09-26 03:46:40,1790387200261,176,0,0,0,1.001,-0.1,1.01,Strait of Hormuz traffic returns to normal by September 30?
2026-09-26 03:51:44,1790387504020,174,0,0,0,1.001,-0.1,1.01,Strait of Hormuz traffic returns to normal by September 30?
2026-09-26 03:56:47,1790387807802,171,0,0,0,1.001,-0.1,1.01,Strait of Hormuz traffic returns to normal by September 30?
2026-09-26 04:01:51,1790388111519,170,0,0,0,1.001,-0.1,1.01,Strait of Hormuz traffic returns to normal by September 30?
2026-09-26 04:06:55,1790388415260,170,0,0,0,1.001,-0.1,1.01,Strait of Hormuz traffic returns to normal by September 30?
2026-09-26 04:11:58,1790388718904,167,0,0,0,1.001,-0.1,1.01,Strait of Hormuz traffic returns to normal by September 30?
2026-09-26 04:17:02,1790389022563,166,0,0,0,1.001,-0.1,1.01,Strait of Hormuz traffic returns to normal by September 30?
2026-09-26 04:22:06,1790389326377,163,0,0,0,1.001,-0.1,1.01,Strait of Hormuz traffic returns to normal by September 30?
2026-09-26 04:27:10,1790389630170,161,0,0,0,1.001,-0.1,1.01,Strait of Hormuz traffic returns to normal by September 30?
2026-09-26 04:32:14,1790389934085,160,0,0,0,1.001,-0.1,1.01,Strait of Hormuz traffic returns to normal by September 30?
2026-09-26 04:37:17,1790390237802,156,0,0,0,1.001,-0.1,1.01,Strait of Hormuz traffic returns to normal by September 30?
2026-09-26 04:42:21,1790390541510,156,0,0,0,1.001,-0.1,1.01,Strait of Hormuz traffic returns to normal by September 30?
2026-09-26 04:46:54,1790390814311,170,0,0,0,1.001,-0.1,1.01,Strait of Hormuz traffic returns to normal by September 30?
2026-09-26 04:51:58,1790391118102,166,0,0,0,1.001,-0.1,1.01,Strait of Hormuz traffic returns to normal by September 30?
2026-09-26 04:57:01,1790391421775,164,0,0,0,1.001,-0.1,1.01,Strait of Hormuz traffic returns to normal by September 30?
2026-09-26 05:02:05,1790391725389,163,0,0,0,1.001,-0.1,1.01,Strait of Hormuz traffic returns to normal by September 30?
2026-09-26 05:07:09,1790392029117,161,0,0,0,1.001,-0.1,1.01,Strait of Hormuz traffic returns to normal by September 30?
2026-09-26 05:12:12,1790392332984,160,0,0,0,1.001,-0.1,1.01,Strait of Hormuz traffic returns to normal by September 30?
2026-09-26 05:17:16,1790392636794,159,0,0,0,1.001,-0.1,1.01,Strait of Hormuz traffic returns to normal by September 30?
2026-09-26 05:22:20,1790392940550,159,0,0,0,1.001,-0.1,1.01,Strait of Hormuz traffic returns to normal by September 30?
2026-09-26 05:27:24,1790393244148,159,0,0,0,1.001,-0.1,1.01,Strait of Hormuz traffic returns to normal by September 30?
2026-09-26 05:32:27,1790393547760,156,0,0,0,1.001,-0.1,1.01,Strait of Hormuz traffic returns to normal by September 30?
2026-09-26 05:37:31,1790393851419,155,0,0,0,1.001,-0.1,1.01,Strait of Hormuz traffic returns to normal by September 30?
2026-09-26 05:42:35,1790394155094,153,0,0,0,1.001,-0.1,1.01,Strait of Hormuz traffic returns to normal by September 30?
2026-09-26 05:47:08,1790394428379,166,0,0,0,1.001,-0.1,1.01,Strait of Hormuz traffic returns to normal by September 30?
2026-09-26 05:52:12,1790394732276,166,0,0,0,1.001,-0.1,1.01,Strait of Hormuz traffic returns to normal by September 30?
2026-09-26 05:57:16,1790395036101,166,0,0,0,1.001,-0.1,1.01,Strait of Hormuz traffic returns to normal by September 30?
2026-09-26 06:02:19,1790395339780,165,0,0,0,1.001,-0.1,1.01,Strait of Hormuz traffic returns to normal by September 30?
2026-09-26 06:07:23,1790395643570,164,0,0,0,1.001,-0.1,1.01,Strait of Hormuz traffic returns to normal by September 30?
2026-09-26 06:12:27,1790395947382,163,0,0,0,1.001,-0.1,1.01,Strait of Hormuz traffic returns to normal by September 30?
2026-09-26 06:17:31,1790396251078,163,0,0,0,1.001,-0.1,1.01,Strait of Hormuz traffic returns to normal by September 30?
2026-09-26 06:22:34,1790396554868,162,0,0,0,1.001,-0.1,1.01,Strait of Hormuz traffic returns to normal by September 30?
2026-09-26 06:27:38,1790396858644,160,0,0,0,1.001,-0.1,1.01,Kharg Island no longer under Iranian control by September 30?
2026-09-26 06:32:42,1790397162454,160,0,0,0,1.001,-0.1,1.01,Kharg Island no longer under Iranian control by September 30?
2026-09-26 06:37:46,1790397466190,158,0,0,0,1.001,-0.1,1.01,Kharg Island no longer under Iranian control by September 30?
2026-09-26 06:42:49,1790397769819,157,0,0,0,1.001,-0.1,1.01,Kharg Island no longer under Iranian control by September 30?
2026-09-26 06:47:22,1790398042497,177,0,0,0,1.001,-0.1,1.01,Kharg Island no longer under Iranian control by September 30?
2026-09-26 06:52:26,1790398346116,176,0,0,0,1.001,-0.1,1.01,Kharg Island no longer under Iranian control by September 30?
2026-09-26 06:57:30,1790398650034,174,0,0,0,1.001,-0.1,1.01,Kharg Island no longer under Iranian control by September 30?
2026-09-26 07:02:33,1790398953806,173,0,0,0,1.001,-0.1,1.01,Kharg Island no longer under Iranian control by September 30?
2026-09-26 07:07:37,1790399257555,173,0,0,0,1.001,-0.1,1.01,Kharg Island no longer under Iranian control by September 30?
2026-09-26 07:12:41,1790399561206,173,0,0,0,1.001,-0.1,1.01,Kharg Island no longer under Iranian control by September 30?
2026-09-26 07:17:44,1790399864899,173,0,0,0,1.001,-0.1,1.01,Kharg Island no longer under Iranian control by September 30?
2026-09-26 07:22:48,1790400168762,172,0,0,0,1.001,-0.1,1.01,Kharg Island no longer under Iranian control by September 30?
2026-09-26 07:27:52,1790400472571,172,0,0,0,1.001,-0.1,1.01,Kharg Island no longer under Iranian control by September 30?
2026-09-26 07:32:56,1790400776366,172,0,0,0,1.001,-0.1,1.01,Kharg Island no longer under Iranian control by September 30?
2026-09-26 07:38:00,1790401080035,172,0,0,0,1.001,-0.1,1.01,Kharg Island no longer under Iranian control by September 30?
2026-09-26 07:43:03,1790401383718,170,0,0,0,1.001,-0.1,1.01,"US announces end of Iranian blockade by September 30, 2026?"
2026-09-26 07:47:36,1790401656756,178,0,0,0,1.001,-0.1,1.01,Kharg Island no longer under Iranian control by September 30?
2026-09-26 07:52:40,1790401960494,177,0,0,0,1.001,-0.1,1.01,Kharg Island no longer under Iranian control by September 30?
2026-09-26 07:57:44,1790402264202,176,0,0,0,1.001,-0.1,1.01,Kharg Island no longer under Iranian control by September 30?
2026-09-26 08:02:47,1790402567957,176,0,0,0,1.001,-0.1,1.01,Kharg Island no longer under Iranian control by September 30?
2026-09-26 08:07:51,1790402871666,176,0,0,0,1.001,-0.1,1.01,Kharg Island no longer under Iranian control by September 30?
2026-09-26 08:12:55,1790403175539,176,0,0,0,1.001,-0.1,1.01,Kharg Island no longer under Iranian control by September 30?
2026-09-26 08:17:59,1790403479277,176,0,0,0,1.001,-0.1,1.01,Kharg Island no longer under Iranian control by September 30?
2026-09-26 08:23:03,1790403783179,176,0,0,0,1.001,-0.1,1.01,Kharg Island no longer under Iranian control by September 30?
2026-09-26 08:28:06,1790404086847,176,0,0,0,1.001,-0.1,1.01,Kharg Island no longer under Iranian control by September 30?
2026-09-26 08:33:10,1790404390558,175,0,0,0,1.001,-0.1,1.01,Kharg Island no longer under Iranian control by September 30?
2026-09-26 08:38:14,1790404694330,175,0,0,0,1.001,-0.1,1.01,Kharg Island no longer under Iranian control by September 30?
2026-09-26 08:43:18,1790404998305,175,0,0,0,1.001,-0.1,1.01,Kharg Island no longer under Iranian control by September 30?
2026-09-26 08:47:50,1790405270839,182,0,0,0,1.001,-0.1,1.01,Kharg Island no longer under Iranian control by September 30?
2026-09-26 08:52:54,1790405574592,182,0,0,0,1.001,-0.1,1.01,Kharg Island no longer under Iranian control by September 30?
2026-09-26 08:57:58,1790405878380,182,0,0,0,1.001,-0.1,1.01,Kharg Island no longer under Iranian control by September 30?
2026-09-26 09:03:02,1790406182081,183,0,0,0,1.001,-0.1,1.01,Kharg Island no longer under Iranian control by September 30?
2026-09-26 09:08:05,1790406485771,183,0,0,0,1.001,-0.1,1.01,Kharg Island no longer under Iranian control by September 30?
2026-09-26 09:13:09,1790406789490,182,0,0,0,1.001,-0.1,1.01,Kharg Island no longer under Iranian control by September 30?
2026-09-26 09:18:13,1790407093377,182,0,0,0,1.001,-0.1,1.01,Kharg Island no longer under Iranian control by September 30?
2026-09-26 09:23:17,1790407397227,182,0,0,0,1.001,-0.1,1.01,Kharg Island no longer under Iranian control by September 30?
2026-09-26 09:28:21,1790407701109,182,0,0,0,1.001,-0.1,1.01,Kharg Island no longer under Iranian control by September 30?
2026-09-26 09:33:24,1790408004844,182,0,0,0,1.001,-0.1,1.01,Kharg Island no longer under Iranian control by September 30?
2026-09-26 09:38:28,1790408308624,183,0,0,0,1.001,-0.1,1.01,Kharg Island no longer under Iranian control by September 30?
2026-09-26 09:43:32,1790408612418,182,0,0,0,1.001,-0.1,1.01,Kharg Island no longer under Iranian control by September 30?
2026-09-26 09:48:05,1790408885399,191,0,0,0,1.001,-0.1,1.01,Kharg Island no longer under Iranian control by September 30?
2026-09-26 09:53:09,1790409189135,191,0,0,0,1.001,-0.1,1.01,Kharg Island no longer under Iranian control by September 30?
2026-09-26 09:58:13,1790409493077,189,0,0,0,1.001,-0.1,1.01,Kharg Island no longer under Iranian control by September 30?
2026-09-26 10:03:16,1790409796817,188,0,0,0,1.001,-0.1,1.01,Kharg Island no longer under Iranian control by September 30?
2026-09-26 10:08:20,1790410100653,187,0,0,0,1.001,-0.1,1.01,Kharg Island no longer under Iranian control by September 30?
2026-09-26 10:13:24,1790410404502,186,0,0,0,1.001,-0.1,1.01,Kharg Island no longer under Iranian control by September 30?
2026-09-26 10:18:28,1790410708316,186,0,0,0,1.001,-0.1,1.01,Kharg Island no longer under Iranian control by September 30?
2026-09-26 10:23:32,1790411012274,186,0,0,0,1.001,-0.1,1.01,Kharg Island no longer under Iranian control by September 30?
2026-09-26 10:28:36,1790411316035,186,0,0,0,1.001,-0.1,1.01,Kharg Island no longer under Iranian control by September 30?
2026-09-26 10:33:39,1790411619794,186,0,0,0,1.001,-0.1,1.01,Kharg Island no longer under Iranian control by September 30?
2026-09-26 10:38:43,1790411923600,187,0,0,0,1.001,-0.1,1.01,Kharg Island no longer under Iranian control by September 30?
2026-09-26 10:43:47,1790412227260,187,0,0,0,1.001,-0.1,1.01,Kharg Island no longer under Iranian control by September 30?
2026-09-26 10:48:20,1790412500022,188,0,0,0,1.001,-0.1,1.01,Kharg Island no longer under Iranian control by September 30?
2026-09-26 10:53:23,1790412803916,188,0,0,0,1.001,-0.1,1.01,Strait of Hormuz traffic returns to normal by September 30?
2026-09-26 10:58:27,1790413107720,188,0,0,0,1.001,-0.1,1.01,Strait of Hormuz traffic returns to normal by September 30?
2026-09-26 11:03:31,1790413411495,188,0,0,0,1.001,-0.1,1.01,Strait of Hormuz traffic returns to normal by September 30?
2026-09-26 11:08:35,1790413715204,188,0,0,0,1.001,-0.1,1.01,Strait of Hormuz traffic returns to normal by September 30?
2026-09-26 11:13:39,1790414019049,186,0,0,0,1.001,-0.1,1.01,Strait of Hormuz traffic returns to normal by September 30?
2026-09-26 11:18:42,1790414322791,187,0,0,0,1.001,-0.1,1.01,Strait of Hormuz traffic returns to normal by September 30?
2026-09-26 11:23:46,1790414626615,184,0,0,0,1.001,-0.1,1.01,Strait of Hormuz traffic returns to normal by September 30?
2026-09-26 11:28:50,1790414930597,184,0,0,0,1.001,-0.1,1.01,Strait of Hormuz traffic returns to normal by September 30?
2026-09-26 11:33:54,1790415234414,185,0,0,0,1.001,-0.1,1.01,Strait of Hormuz traffic returns to normal by September 30?
2026-09-26 11:38:58,1790415538319,185,0,0,0,1.001,-0.1,1.01,Strait of Hormuz traffic returns to normal by September 30?
2026-09-26 11:44:02,1790415842128,184,0,0,0,1.001,-0.1,1.01,Strait of Hormuz traffic returns to normal by September 30?
2026-09-26 11:48:34,1790416114185,184,0,0,0,1.001,-0.1,1.01,Strait of Hormuz traffic returns to normal by September 30?
2026-09-26 11:53:37,1790416417933,185,0,0,0,1.001,-0.1,1.01,Strait of Hormuz traffic returns to normal by September 30?
2026-09-26 11:58:41,1790416721833,182,0,0,0,1.001,-0.1,1.01,Strait of Hormuz traffic returns to normal by September 30?
2026-09-26 12:03:45,1790417025713,181,0,0,0,1.001,-0.1,1.01,Strait of Hormuz traffic returns to normal by September 30?
2026-09-26 12:08:49,1790417329477,181,0,0,0,1.001,-0.1,1.01,Kharg Island no longer under Iranian control by September 30?
2026-09-26 12:13:53,1790417633230,181,0,0,0,1.001,-0.1,1.01,Kharg Island no longer under Iranian control by September 30?
2026-09-26 12:18:56,1790417936917,181,0,0,0,1.001,-0.1,1.01,Kharg Island no longer under Iranian control by September 30?
2026-09-26 12:24:00,1790418240910,181,0,0,0,1.001,-0.1,1.01,Kharg Island no longer under Iranian control by September 30?
2026-09-26 12:29:04,1790418544666,181,0,0,0,1.001,-0.1,1.01,Kharg Island no longer under Iranian control by September 30?
2026-09-26 12:34:08,1790418848589,181,0,0,0,1.001,-0.1,1.01,Kharg Island no longer under Iranian control by September 30?
2026-09-26 12:39:12,1790419152565,181,0,0,0,1.001,-0.1,1.01,Kharg Island no longer under Iranian control by September 30?
2026-09-26 12:44:16,1790419456528,180,0,0,0,1.001,-0.1,1.01,Kharg Island no longer under Iranian control by September 30?
2026-09-26 12:48:48,1790419728800,183,0,0,0,1.001,-0.1,1.01,Kharg Island no longer under Iranian control by September 30?
2026-09-26 12:53:52,1790420032542,182,0,0,0,1.001,-0.1,1.01,Strait of Hormuz traffic returns to normal by September 30?
2026-09-26 12:58:56,1790420336272,180,0,0,0,1.001,-0.1,1.01,Strait of Hormuz traffic returns to normal by September 30?
2026-09-26 13:04:00,1790420640038,180,0,0,0,1.001,-0.1,1.01,Strait of Hormuz traffic returns to normal by September 30?
2026-09-26 13:09:03,1790420943893,180,0,0,0,1.001,-0.1,1.01,Strait of Hormuz traffic returns to normal by September 30?
2026-09-26 13:14:07,1790421247725,179,0,0,0,1.001,-0.1,1.01,Strait of Hormuz traffic returns to normal by September 30?
2026-09-26 13:19:11,1790421551593,179,0,0,0,1.001,-0.1,1.01,Strait of Hormuz traffic returns to normal by September 30?
2026-09-26 13:24:15,1790421855561,179,0,0,0,1.001,-0.1,1.01,Strait of Hormuz traffic returns to normal by September 30?
2026-09-26 13:29:19,1790422159372,177,0,0,0,1.001,-0.1,1.01,Strait of Hormuz traffic returns to normal by September 30?
2026-09-26 13:34:23,1790422463124,177,0,0,0,1.001,-0.1,1.01,Strait of Hormuz traffic returns to normal by September 30?
2026-09-26 13:39:26,1790422766847,177,0,0,0,1.001,-0.1,1.01,Strait of Hormuz traffic returns to normal by September 30?
2026-09-26 13:44:30,1790423070784,177,0,0,0,1.001,-0.1,1.01,Strait of Hormuz traffic returns to normal by September 30?
2026-09-26 13:49:03,1790423343124,180,0,0,0,1.001,-0.1,1.01,Strait of Hormuz traffic returns to normal by September 30?
2026-09-26 13:54:06,1790423646887,178,0,0,0,1.001,-0.1,1.01,Strait of Hormuz traffic returns to normal by September 30?
2026-09-26 13:59:10,1790423950725,178,0,0,0,1.001,-0.1,1.01,Strait of Hormuz traffic returns to normal by September 30?
2026-09-26 14:04:14,1790424254681,177,0,0,0,1.001,-0.1,1.01,Strait of Hormuz traffic returns to normal by September 30?
2026-09-26 14:09:18,1790424558501,177,0,0,0,1.001,-0.1,1.01,Strait of Hormuz traffic returns to normal by September 30?
2026-09-26 14:14:22,1790424862308,177,0,0,0,1.001,-0.1,1.01,Strait of Hormuz traffic returns to normal by September 30?
2026-09-26 14:19:26,1790425166243,176,0,0,0,1.001,-0.1,1.01,Strait of Hormuz traffic returns to normal by September 30?
2026-09-26 14:24:30,1790425470102,176,0,0,0,1.001,-0.1,1.01,Strait of Hormuz traffic returns to normal by September 30?
2026-09-26 14:29:33,1790425773984,176,0,0,0,1.001,-0.1,1.01,Kharg Island no longer under Iranian control by September 30?
2026-09-26 14:34:37,1790426077780,176,0,0,0,1.001,-0.1,1.01,Kharg Island no longer under Iranian control by September 30?
2026-09-26 14:39:41,1790426381616,174,0,0,0,1.001,-0.1,1.01,Kharg Island no longer under Iranian control by September 30?
2026-09-26 14:44:45,1790426685327,173,0,0,0,1.001,-0.1,1.01,Kharg Island no longer under Iranian control by September 30?
2026-09-26 14:49:17,1790426957631,182,0,0,0,1.001,-0.1,1.01,Kharg Island no longer under Iranian control by September 30?
2026-09-26 14:54:21,1790427261401,182,0,0,0,1.001,-0.1,1.01,Kharg Island no longer under Iranian control by September 30?
2026-09-26 14:59:25,1790427565242,182,0,0,0,1.001,-0.1,1.01,Kharg Island no longer under Iranian control by September 30?
2026-09-26 15:04:29,1790427869026,179,0,0,0,1.001,-0.1,1.01,Kharg Island no longer under Iranian control by September 30?
2026-09-26 15:09:32,1790428172751,178,0,0,0,1.001,-0.1,1.01,Kharg Island no longer under Iranian control by September 30?
2026-09-26 15:14:37,1790428477086,179,0,0,0,1.001,-0.1,1.01,Kharg Island no longer under Iranian control by September 30?
2026-09-26 15:19:40,1790428780917,177,0,0,0,1.001,-0.1,1.01,Kharg Island no longer under Iranian control by September 30?
2026-09-26 15:24:44,1790429084784,177,0,0,0,1.001,-0.1,1.01,Kharg Island no longer under Iranian control by September 30?
2026-09-26 15:29:48,1790429388510,177,0,0,0,1.001,-0.1,1.01,Kharg Island no longer under Iranian control by September 30?
2026-09-26 15:34:52,1790429692430,177,0,0,0,1.001,-0.1,1.01,Kharg Island no longer under Iranian control by September 30?
2026-09-26 15:39:56,1790429996408,178,0,0,0,1.001,-0.1,1.01,Kharg Island no longer under Iranian control by September 30?
2026-09-26 15:45:00,1790430300179,176,0,0,0,1.001,-0.1,1.01,Kharg Island no longer under Iranian control by September 30?
2026-09-26 15:49:31,1790430571976,181,0,0,0,1.001,-0.1,1.01,Kharg Island no longer under Iranian control by September 30?
2026-09-26 15:54:35,1790430875777,180,0,0,0,1.001,-0.1,1.01,Kharg Island no longer under Iranian control by September 30?
2026-09-26 15:59:39,1790431179959,177,0,0,0,1.001,-0.1,1.01,Kharg Island no longer under Iranian control by September 30?
2026-09-26 16:04:43,1790431483975,175,0,0,0,1.001,-0.1,1.01,Kharg Island no longer under Iranian control by September 30?
2026-09-26 16:09:47,1790431787696,175,0,0,0,1.001,-0.1,1.01,Kharg Island no longer under Iranian control by September 30?
2026-09-26 16:14:51,1790432091629,173,0,0,0,1.001,-0.1,1.01,Strait of Hormuz traffic returns to normal by September 30?
2026-09-26 16:19:55,1790432395451,173,0,0,0,1.001,-0.1,1.01,Strait of Hormuz traffic returns to normal by September 30?
2026-09-26 16:24:59,1790432699292,173,0,0,0,1.001,-0.1,1.01,Strait of Hormuz traffic returns to normal by September 30?
2026-09-26 16:30:03,1790433003131,171,0,0,0,1.001,-0.1,1.01,Strait of Hormuz traffic returns to normal by September 30?
2026-09-26 16:35:07,1790433307013,169,0,0,0,1.001,-0.1,1.01,Strait of Hormuz traffic returns to normal by September 30?
2026-09-26 16:40:10,1790433610769,169,0,0,0,1.001,-0.1,1.01,Kharg Island no longer under Iranian control by September 30?
2026-09-26 16:45:15,1790433915801,169,0,0,0,1.001,-0.1,1.01,Kharg Island no longer under Iranian control by September 30?
2026-09-26 16:49:46,1790434186106,173,0,0,0,1.001,-0.1,1.01,Kharg Island no longer under Iranian control by September 30?
2026-09-26 16:54:49,1790434489997,169,0,0,0,1.001,-0.1,1.01,Kharg Island no longer under Iranian control by September 30?
2026-09-26 16:59:53,1790434793719,169,0,0,0,1.001,-0.1,1.01,Kharg Island no longer under Iranian control by September 30?
2026-09-26 17:04:57,1790435097488,169,0,0,0,1.001,-0.1,1.01,Kharg Island no longer under Iranian control by September 30?
2026-09-26 17:10:01,1790435401325,168,0,0,0,1.001,-0.1,1.01,Kharg Island no longer under Iranian control by September 30?
2026-09-26 17:15:05,1790435705269,166,0,0,0,1.001,-0.1,1.01,"US announces end of Iranian blockade by September 30, 2026?"
2026-09-26 17:20:09,1790436009070,166,0,0,0,1.001,-0.1,1.01,"US announces end of Iranian blockade by September 30, 2026?"
2026-09-26 17:25:13,1790436313097,162,0,0,0,1.001,-0.1,1.01,"US announces end of Iranian blockade by September 30, 2026?"
2026-09-26 17:30:16,1790436616983,162,0,0,0,1.001,-0.1,1.01,"US announces end of Iranian blockade by September 30, 2026?"
2026-09-26 17:35:20,1790436920993,163,0,0,0,1.001,-0.1,1.01,"US announces end of Iranian blockade by September 30, 2026?"
2026-09-26 17:40:24,1790437224854,162,0,0,0,1.001,-0.1,1.01,"US announces end of Iranian blockade by September 30, 2026?"
2026-09-26 17:45:28,1790437528673,162,0,0,0,1.001,-0.1,1.01,"US announces end of Iranian blockade by September 30, 2026?"
2026-09-26 17:50:00,1790437800495,166,0,0,0,1.001,-0.1,1.01,"US announces end of Iranian blockade by September 30, 2026?"
2026-09-26 17:55:04,1790438104364,166,0,0,0,1.001,-0.1,1.01,Strait of Hormuz traffic returns to normal by September 30?
2026-09-26 18:00:08,1790438408309,163,0,0,0,1.001,-0.1,1.01,Strait of Hormuz traffic returns to normal by September 30?
2026-09-26 18:05:12,1790438712239,160,0,0,0,1.001,-0.1,1.01,Strait of Hormuz traffic returns to normal by September 30?
2026-09-26 18:10:16,1790439016233,160,0,0,0,1.001,-0.1,1.01,Strait of Hormuz traffic returns to normal by September 30?
2026-09-26 18:15:20,1790439320347,159,0,0,0,1.001,-0.1,1.01,Strait of Hormuz traffic returns to normal by September 30?
2026-09-26 18:20:24,1790439624130,156,0,0,0,1.001,-0.1,1.01,Strait of Hormuz traffic returns to normal by September 30?
2026-09-26 18:25:27,1790439927975,156,0,0,0,1.001,-0.1,1.01,Strait of Hormuz traffic returns to normal by September 30?
2026-09-26 18:30:31,1790440231766,154,0,0,0,1.001,-0.1,1.01,Strait of Hormuz traffic returns to normal by September 30?
2026-09-26 18:35:35,1790440535504,152,0,0,0,1.001,-0.1,1.01,Strait of Hormuz traffic returns to normal by September 30?
2026-09-26 18:40:39,1790440839314,152,0,0,0,1.001,-0.1,1.01,Strait of Hormuz traffic returns to normal by September 30?
2026-09-26 18:45:43,1790441143219,152,0,0,0,1.001,-0.1,1.01,Strait of Hormuz traffic returns to normal by September 30?
2026-09-26 18:50:17,1790441417171,169,0,0,0,1.001,-0.1,1.01,Strait of Hormuz traffic returns to normal by September 30?
2026-09-26 18:55:21,1790441721198,168,0,0,0,1.001,-0.1,1.01,Strait of Hormuz traffic returns to normal by September 30?
2026-09-26 19:00:24,1790442024986,167,0,0,0,1.001,-0.1,1.01,Strait of Hormuz traffic returns to normal by September 30?
2026-09-26 19:05:28,1790442328828,167,0,0,0,1.001,-0.1,1.01,Strait of Hormuz traffic returns to normal by September 30?
2026-09-26 19:10:32,1790442632639,166,0,0,0,1.001,-0.1,1.01,Strait of Hormuz traffic returns to normal by September 30?
2026-09-26 19:15:36,1790442936549,164,0,0,0,1.001,-0.1,1.01,Strait of Hormuz traffic returns to normal by September 30?
2026-09-26 19:20:40,1790443240499,164,0,0,0,1.001,-0.1,1.01,Strait of Hormuz traffic returns to normal by September 30?
2026-09-26 19:25:44,1790443544302,164,0,0,0,1.001,-0.1,1.01,Strait of Hormuz traffic returns to normal by September 30?
2026-09-26 19:30:48,1790443848155,162,0,0,0,1.001,-0.1,1.01,Strait of Hormuz traffic returns to normal by September 30?
2026-09-26 19:35:52,1790444152111,161,0,0,0,1.001,-0.1,1.01,Strait of Hormuz traffic returns to normal by September 30?
2026-09-26 19:40:55,1790444455974,162,0,0,0,1.001,-0.1,1.01,Strait of Hormuz traffic returns to normal by September 30?
2026-09-26 19:46:00,1790444760375,161,0,0,0,1.001,-0.1,1.01,Strait of Hormuz traffic returns to normal by September 30?
2026-09-26 19:50:31,1790445031425,172,0,0,0,1.001,-0.1,1.01,Strait of Hormuz traffic returns to normal by September 30?
2026-09-26 19:55:35,1790445335396,163,0,0,0,1.001,-0.1,1.01,Strait of Hormuz traffic returns to normal by September 30?
2026-09-26 20:00:39,1790445639349,163,0,0,0,1.001,-0.1,1.01,Strait of Hormuz traffic returns to normal by September 30?
2026-09-26 20:05:43,1790445943177,161,0,0,0,1.001,-0.1,1.01,Strait of Hormuz traffic returns to normal by September 30?
2026-09-26 20:10:47,1790446247002,161,0,0,0,1.001,-0.1,1.01,Strait of Hormuz traffic returns to normal by September 30?
2026-09-26 20:15:50,1790446550903,160,0,0,0,1.001,-0.1,1.01,Strait of Hormuz traffic returns to normal by September 30?
2026-09-26 20:20:54,1790446854680,158,0,0,0,1.001,-0.1,1.01,Strait of Hormuz traffic returns to normal by September 30?
2026-09-26 20:25:58,1790447158491,155,0,0,0,1.001,-0.1,1.01,Strait of Hormuz traffic returns to normal by September 30?
2026-09-26 20:31:02,1790447462336,155,0,0,0,1.001,-0.1,1.01,Strait of Hormuz traffic returns to normal by September 30?
2026-09-26 20:36:06,1790447766225,155,0,0,0,1.001,-0.1,1.01,Strait of Hormuz traffic returns to normal by September 30?
2026-09-26 20:41:10,1790448070207,155,0,0,0,1.001,-0.1,1.01,Strait of Hormuz traffic returns to normal by September 30?
2026-09-26 20:46:14,1790448374265,154,0,0,0,1.001,-0.1,1.01,Strait of Hormuz traffic returns to normal by September 30?
2026-09-26 20:50:45,1790448645690,163,0,0,0,1.001,-0.1,1.01,Strait of Hormuz traffic returns to normal by September 30?
2026-09-26 20:55:49,1790448949642,161,0,0,0,1.001,-0.1,1.01,Strait of Hormuz traffic returns to normal by September 30?
2026-09-26 21:00:54,1790449254013,159,0,0,0,1.001,-0.1,1.01,Strait of Hormuz traffic returns to normal by September 30?
2026-09-26 21:05:57,1790449557908,158,0,0,0,1.001,-0.1,1.01,Strait of Hormuz traffic returns to normal by September 30?
2026-09-26 21:11:01,1790449861801,158,0,0,0,1.001,-0.1,1.01,Strait of Hormuz traffic returns to normal by September 30?
2026-09-26 21:16:05,1790450165953,155,0,0,0,1.001,-0.1,1.01,Strait of Hormuz traffic returns to normal by September 30?
2026-09-26 21:21:09,1790450469930,152,0,0,0,1.001,-0.1,1.01,Strait of Hormuz traffic returns to normal by September 30?
2026-09-26 21:26:13,1790450773900,148,0,0,0,1.001,-0.1,1.01,Strait of Hormuz traffic returns to normal by September 30?
2026-09-26 21:31:18,1790451078004,149,0,0,0,1.001,-0.1,1.01,Strait of Hormuz traffic returns to normal by September 30?
2026-09-26 21:36:21,1790451381912,148,0,0,0,1.001,-0.1,1.01,Strait of Hormuz traffic returns to normal by September 30?
2026-09-26 21:41:25,1790451685703,144,0,0,0,1.001,-0.1,1.01,Strait of Hormuz traffic returns to normal by September 30?
2026-09-26 21:46:29,1790451989616,143,0,0,0,1.001,-0.1,1.01,Strait of Hormuz traffic returns to normal by September 30?
2026-09-26 21:51:00,1790452260035,148,0,0,0,1.001,-0.1,1.01,Strait of Hormuz traffic returns to normal by September 30?
2026-09-26 21:56:04,1790452564306,149,0,0,0,1.001,-0.1,1.01,Strait of Hormuz traffic returns to normal by September 30?
2026-09-26 22:01:08,1790452868303,147,0,0,0,1.001,-0.1,1.01,Strait of Hormuz traffic returns to normal by September 30?
2026-09-26 22:06:12,1790453172142,144,0,0,0,1.001,-0.1,1.01,Strait of Hormuz traffic returns to normal by September 30?
2026-09-26 22:11:16,1790453476147,143,0,0,0,1.001,-0.1,1.01,Strait of Hormuz traffic returns to normal by September 30?
2026-09-26 22:16:20,1790453780047,140,0,0,0,1.001,-0.1,1.01,Strait of Hormuz traffic returns to normal by September 30?
2026-09-26 22:21:23,1790454083777,137,0,0,0,1.001,-0.1,1.01,Will the Iranian regime fall by September 30?
2026-09-26 22:26:27,1790454387546,136,0,0,0,1.001,-0.1,1.01,Will the Iranian regime fall by September 30?
2026-09-26 22:31:31,1790454691474,132,0,0,0,1.001,-0.1,1.01,Strait of Hormuz traffic returns to normal by September 30?
2026-09-26 22:36:35,1790454995264,131,0,0,0,1.001,-0.1,1.01,Strait of Hormuz traffic returns to normal by September 30?
2026-09-26 22:41:38,1790455298982,125,0,0,0,1.001,-0.1,1.01,Strait of Hormuz traffic returns to normal by September 30?
2026-09-26 22:46:43,1790455603546,125,0,0,0,1.001,-0.1,1.01,Strait of Hormuz traffic returns to normal by September 30?
2026-09-26 22:51:15,1790455875248,154,0,0,0,1.001,-0.1,1.01,Strait of Hormuz traffic returns to normal by September 30?
2026-09-26 22:56:19,1790456179077,155,0,0,0,1.001,-0.1,1.01,Strait of Hormuz traffic returns to normal by September 30?
2026-09-26 23:01:22,1790456482801,154,0,0,0,1.001,-0.1,1.01,Strait of Hormuz traffic returns to normal by September 30?
2026-09-26 23:06:26,1790456786665,153,0,0,0,1.001,-0.1,1.01,Strait of Hormuz traffic returns to normal by September 30?
2026-09-26 23:11:30,1790457090487,152,0,0,0,1.001,-0.1,1.01,Strait of Hormuz traffic returns to normal by September 30?
2026-09-26 23:16:35,1790457395019,151,0,0,0,1.001,-0.1,1.01,Strait of Hormuz traffic returns to normal by September 30?
2026-09-26 23:21:38,1790457698838,151,0,0,0,1.001,-0.1,1.01,Strait of Hormuz traffic returns to normal by September 30?
2026-09-26 23:26:42,1790458002616,149,0,0,0,1.001,-0.1,1.01,Strait of Hormuz traffic returns to normal by September 30?
2026-09-26 23:31:47,1790458307110,147,0,0,0,1.001,-0.1,1.01,Strait of Hormuz traffic returns to normal by September 30?
2026-09-26 23:36:50,1790458610996,147,0,0,0,1.001,-0.1,1.01,Strait of Hormuz traffic returns to normal by September 30?
2026-09-26 23:41:54,1790458914756,145,0,0,0,1.001,-0.1,1.01,Strait of Hormuz traffic returns to normal by September 30?
