id,opened,opened_ms,kind,category,market_id,event,question,side,price,qty,stake,end_date,days,settled,settled_ms,payout,pnl,pnl_pct,result
1,2026-09-22 08:02,1790056969610,favorite,crypto,4617517,Ethereum above ___ on September 23?,"Will the price of Ethereum be above $2,600 on September 23?",0,0.94,10.638297872340424,10.0,2026-09-23,1.4,2026-09-23 18:56,1790182573310,10.6383,0.6383,6.383,won
2,2026-09-22 08:02,1790056970594,favorite,crypto,4617523,Ethereum above ___ on September 23?,"Will the price of Ethereum be above $2,900 on September 23?",1,0.959,10.427528675703858,10.0,2026-09-23,1.4,2026-09-23 18:56,1790182574518,10.4275,0.4275,4.275,won
3,2026-09-22 08:02,1790056971601,favorite,crypto,4617544,Bitcoin above ___ on September 23?,"Will the price of Bitcoin be above $82,000 on September 23?",0,0.96,10.416666666666668,10.0,2026-09-23,1.4,2026-09-23 18:56,1790182575718,10.4167,0.4167,4.167,won
4,2026-09-22 08:02,1790056972587,favorite,other,4574389,"Elon Musk # tweets September 18 - September 25, 2026?","Will Elon Musk post 160-179 tweets from September 18 to September 25, 2026?",1,0.965,10.362694300518134,10.0,2026-09-25,3.4,2026-09-25 03:46,1790300762392,10.3627,0.3627,3.627,won
15,2026-09-25 03:46,1790300765706,favorite,crypto,4727090,Ethereum above ___ on September 26?,"Will the price of Ethereum be above $2,800 on September 26?",1,0.95,10.563029397110116,10.07,2026-09-26,1.6,2026-09-26 18:50,1790441411275,10.563,0.493,4.896,won
5,2026-09-22 08:02,1790056973555,favorite,politics,4641063,US-Iran ceasefire continues through...?,US x Iran ceasefire continues through September 25?,0,0.969,10.319917440660475,10.0,2026-09-25,3.7,2026-09-27 08:53,1790492011938,10.3199,0.3199,3.199,won
13,2026-09-23 18:56,1790182579456,arb_negrisk,other,4710296,VMA Best Alternative 2026,Will “The Cure” by Olivia Rodrigo win Best Alternative at the 2026 MTV Video Music Awards?,1,0.33,16.39031827711073,5.59,2026-09-28,4.5,2026-09-28 13:16,1790594175134,0.0,-5.59,-100.0,lost
14,2026-09-23 18:56,1790182579456,arb_negrisk,other,4710296,VMA Best Alternative 2026,Will “The Cure” by Olivia Rodrigo win Best Alternative at the 2026 MTV Video Music Awards?,1,0.33,16.39031827711073,5.59,2026-09-28,4.5,2026-09-28 13:16,1790594176348,0.0,-5.59,-100.0,lost
16,2026-09-26 18:50,1790441412280,favorite,other,4958966,Will Bitget resume withdrawals by ___?,"Will Bitget resume withdrawals by September 27, 2026?",1,0.982,10.29623237253478,10.12,2026-09-28,1.5,2026-09-28 13:16,1790594177667,10.2962,0.1762,1.741,won
17,2026-09-27 08:53,1790492015384,favorite,crypto,4797515,Bitcoin above ___ on September 28?,"Will the price of Bitcoin be above $88,000 on September 28?",1,0.984,10.313651961835266,10.16,2026-09-28,1.4,2026-09-28 18:17,1790612254546,10.3137,0.1537,1.512,won
