time,ms,equity,cash
2026-09-08 17:34,1788881662546,10000.0,10000.0
2026-09-08 17:44,1788882265782,10000.0,10000.0
2026-09-09 00:00,1788904811104,10000.0,10000.0
2026-09-09 00:10,1788905413336,10000.0,10000.0
2026-09-09 11:02,1788944567224,10000.9509,6775.351
2026-09-09 17:44,1788968665225,9992.351,6775.351
2026-09-10 00:05,1788991555476,10018.1509,6775.351
2026-09-10 11:48,1789033701124,10021.951,6775.351
2026-09-10 17:39,1789054780410,10024.151,6775.351
2026-09-11 00:01,1789077671009,9992.351,6775.351
2026-09-11 11:33,1789119228533,10052.5509,6775.351
2026-09-11 17:35,1789140912908,10054.151,6775.351
2026-09-12 00:06,1789164402753,10024.151,6775.351
2026-09-12 11:08,1789204139223,10054.151,6775.351
2026-09-14 17:40,1789400441672,10049.751,6775.351
2026-09-15 00:02,1789423330304,10054.151,6775.351
2026-09-15 10:44,1789461871816,10006.6761,4811.976
2026-09-15 17:36,1789486561572,10046.976,4811.976
2026-09-16 00:07,1789510052203,10046.3761,4811.976
2026-09-16 10:59,1789549188068,10077.9761,4811.976
2026-09-16 17:41,1789573285170,10090.476,4811.976
2026-09-17 00:03,1789596180524,10046.976,4811.976
2026-09-17 11:19,1789636771643,10132.8761,4811.976
2026-09-17 17:41,1789659664234,10163.976,4811.976
2026-09-18 00:02,1789682550869,10090.476,4811.976
2026-09-22 03:02,1790038970726,10075.376,4811.976
2026-09-22 03:08,1790039294903,10075.376,4811.976
2026-09-22 10:37,1790066258942,10152.5759,4811.976
2026-09-22 17:42,1790091729781,10115.5214,900.3714
2026-09-23 00:05,1790114756218,10165.1713,900.3714
2026-09-23 14:55,1790168109237,10069.4714,900.3714
2026-09-23 17:36,1790177817432,10060.6714,900.3714
2026-09-24 00:00,1790200839198,10115.5214,900.3714
2026-09-24 10:46,1790239585921,10048.8716,900.3714
2026-09-25 16:43,1790347428864,10072.9649,1717.1149
2026-09-25 17:44,1790351074841,10089.015,1717.1149
2026-09-26 00:08,1790374117819,10022.9148,1717.1149
2026-09-26 10:44,1790412264997,10089.015,1717.1149
2026-09-28 17:38,1790609931276,10109.1438,293.0537
2026-09-29 00:02,1790632962185,10080.7237,293.0537
2026-09-29 10:48,1790671713189,10173.9636,293.0537
2026-09-29 17:42,1790696578259,10059.5337,293.0537
2026-09-30 17:38,1790782698018,9981.5736,293.0537
2026-10-01 00:03,1790805825682,10059.5337,293.0537
2026-10-01 10:37,1790843870603,9814.3337,293.0537
2026-10-01 17:43,1790869401634,9795.0636,293.0537
2026-10-02 00:07,1790892444459,9981.5736,293.0537
2026-10-02 10:43,1790930591436,9853.0847,2596.7248
2026-10-02 17:37,1790955449612,9839.215,2596.7248
2026-10-03 00:01,1790978485069,9792.3348,2596.7248
2026-10-03 10:57,1791017828921,9839.215,2596.7248
2026-10-05 17:38,1791214682184,9891.5449,1176.3748
2026-10-06 00:02,1791237752846,9834.9649,1176.3748
2026-10-06 10:38,1791275913217,10000.4848,1176.3748
2026-10-06 17:43,1791301396600,9906.5448,1176.3748
2026-10-07 00:07,1791324468521,9891.5449,1176.3748
2026-10-07 10:43,1791362634903,9861.2849,1176.3748
2026-10-07 17:38,1791387515373,9728.7448,1176.3748
2026-10-08 00:03,1791410581120,9906.5448,1176.3748
2026-10-08 10:49,1791449366035,9633.1344,4890.2543
2026-10-08 17:44,1791474243583,9644.7144,4890.2543
